x,y,p_xx,p_xy,p_yy
0,0,0.15,0,0.105
0,0,0.2,0,0.11
0,0,0.25,0,0.115
0,0,0.3,0,0.12
0,0,0.35,0,0.125
0,0,0.4,0,0.13
0,0,0.45,0,0.135
0,0,0.5,0,0.14
0,0,0.55,0,0.145
0,0,0.6,0,0.15
0,0,0.65,0,0.155
0,0,0.7,0,0.16
0,0,0.75,0,0.165
0,0,0.8,0,0.17
0,0,0.85,0,0.175
0,0,0.9,0,0.18
0,0,0.95,0,0.185
0,0,1,0,0.19
0,0,1.05,0,0.195
0,0,1.1,0,0.2
0,0,1.15,0,0.205
0,0,1.2,0,0.21
0,0,1.25,0,0.215
0,0,1.3,0,0.22
0,0,1.35,0,0.225
0,0,1.4,0,0.23
0,0,1.45,0,0.235
0,0,1.5,0,0.24
0,0,1.55,0,0.245
0,0,1.6,0,0.25
0,0,1.65,0,0.255
0,0,1.7,0,0.26
0,0,1.75,0,0.265
0,0,1.8,0,0.27
0,0,1.85,0,0.275
0,0,1.9,0,0.28
0,0,1.95,0,0.285
0,0,2,0,0.29
0,0,2.05,0,0.295
0,0,2.1,0,0.3
0,0,2.15,0,0.305
0,0,2.2,0,0.31
0,0,2.25,0,0.315
0,0,2.3,0,0.32
0,0,2.35,0,0.325
0,0,2.4,0,0.33
0,0,2.45,0,0.335
0,0,2.5,0,0.34
0,0,2.55,0,0.345
0,0,2.6,0,0.35
0,0,2.65,0,0.355
0,0,2.7,0,0.36
0,0,2.75,0,0.365
0,0,2.8,0,0.37
0,0,2.85,0,0.375
0,0,2.9,0,0.38
0,0,2.95,0,0.385
0,0,3,0,0.39
0,0,3.05,0,0.395
0,0,3.1,0,0.4
0,0,3.15,0,0.405
0,0,3.2,0,0.41
0,0,3.25,0,0.415
0,0,3.3,0,0.42
0,0,3.35,0,0.425
0,0,3.4,0,0.43
0,0,3.45,0,0.435
0,0,3.5,0,0.44
0,0,3.55,0,0.445
0,0,3.6,0,0.45
0,0,3.65,0,0.455
0,0,3.7,0,0.46
0,0,3.75,0,0.465
0,0,3.8,0,0.47
0,0,3.85,0,0.475
0,0,3.9,0,0.48
0,0,3.95,0,0.485
0,0,4,0,0.49
0,0,4.05,0,0.495
0,0,4.1,0,0.5
0,0,4.15,0,0.505
0,0,4.2,0,0.51
0,0,4.25,0,0.515
0,0,4.3,0,0.52
0,0,4.35,0,0.525
0,0,4.4,0,0.53
0,0,4.45,0,0.535
0,0,4.5,0,0.54
0,0,4.55,0,0.545
0,0,4.6,0,0.55
0,0,4.65,0,0.555
0,0,4.7,0,0.56
0,0,4.75,0,0.565
0,0,4.8,0,0.57
0,0,4.85,0,0.575
0,0,4.9,0,0.58
0,0,4.95,0,0.585
0,0,5,0,0.59
0,0,5.05,-5.51177e-09,0.595
-0.00116593,3.39512e-12,0.0787645,-2.29358e-10,0.0705882
-0.00119082,-4.04657e-08,0.0493434,-2.18932e-08,0.0388658
-0.00119082,-4.04657e-08,0.0993434,-9.83678e-08,0.0438658
-0.00119082,-4.04657e-08,0.149343,-1.08592e-07,0.0488658
-0.00119434,-4.51507e-08,0.0570891,-1.19847e-08,0.0321909
-0.00119434,-4.51507e-08,0.107089,2.45267e-08,0.0371909
-0.00111529,8.13588e-08,0.0530059,4.20971e-09,0.0276229
-0.00111529,8.13588e-08,0.103006,-1.0456e-07,0.0326229
-0.00113129,8.30765e-08,0.0525329,-4.02284e-08,0.0255888
-0.00115621,5.10274e-08,0.0449378,-3.69012e-08,0.022128
-0.00115621,5.10274e-08,0.0949378,-2.70632e-07,0.027128
-0.00122457,-5.81376e-08,0.0515477,-1.24725e-07,0.0229224
-0.00122457,-5.81376e-08,0.101548,-4.44387e-07,0.0279224
-0.0012653,-1.56903e-07,0.0523599,-1.86719e-07,0.0233239
-0.0012653,-1.56903e-07,0.10236,-3.49266e-07,0.0283239
-0.00131505,-2.55496e-07,0.0524565,-1.14363e-07,0.0235247
-0.00131505,-2.55496e-07,0.102457,-3.3036e-07,0.0285247
-0.00131505,-2.55496e-07,0.152457,-7.62417e-07,0.0335247
-0.001207,-2.5171e-07,0.0573416,-2.15629e-07,0.0260028
-0.001207,-2.5171e-07,0.107342,-6.8857e-07,0.0310028
-0.00117581,-2.48174e-07,0.0530347,-2.87093e-07,0.0248289
-0.00117581,-2.48174e-07,0.103035,-8.17213e-07,0.0298289
-0.00117581,-2.48174e-07,0.153035,-1.43162e-06,0.0348289
-0.0011543,-2.42077e-07,0.0573879,-3.62764e-07,0.0265905
-0.0011543,-2.42077e-07,0.107388,-8.38225e-07,0.0315905
-0.00118291,-2.53023e-07,0.0530399,-3.22669e-07,0.025107
-0.00118291,-2.53023e-07,0.10304,-8.82462e-07,0.030107
-0.00118917,-2.57803e-07,0.0525369,-3.12058e-07,0.0243996
-0.00118292,-2.55919e-07,0.0449386,-2.18438e-07,0.0214989
-0.00118292,-2.55919e-07,0.0949386,-5.62349e-07,0.0264989
-0.00117771,-2.52729e-07,0.0515478,-2.0361e-07,0.0226003
-0.00117771,-2.52729e-07,0.101548,-3.58532e-07,0.0276003
-0.00125907,-3.41551e-07,0.0523599,-9.98567e-08,0.0231618
-0.00125907,-3.41551e-07,0.10236,-1.73924e-07,0.0281618
-0.00129549,-4.16463e-07,0.0524565,-9.86419e-08,0.0234438
-0.00129549,-4.16463e-07,0.102457,-2.4295e-07,0.0284438
-0.00135135,-5.30002e-07,0.052468,-5.96534e-08,0.0235844
-0.00135135,-5.30002e-07,0.102468,-1.37138e-07,0.0285844
-0.00148255,-7.68689e-07,0.0524693,-3.46778e-08,0.0236542
-0.00148255,-7.68689e-07,0.102469,-6.06047e-08,0.0286542
-0.00148255,-7.68689e-07,0.152469,3.92013e-08,0.0336542
-0.00152371,-9.45075e-07,0.0573427,1.44659e-08,0.0260618
-0.00147769,-9.99453e-07,0.045838,-7.59329e-09,0.0223744
-0.00147769,-9.99453e-07,0.095838,-4.79059e-08,0.0273744
-0.00143581,-1.02725e-06,0.0516611,5.01861e-09,0.0230475
-0.00143581,-1.02725e-06,0.101661,5.26893e-08,0.0280475
-0.00145293,-1.05671e-06,0.0523734,4.73923e-08,0.0233866
-0.00144567,-1.07176e-06,0.0449072,9.52932e-08,0.0209521
-0.00144567,-1.07176e-06,0.0949072,3.45535e-07,0.0259521
-0.00144569,-1.08456e-06,0.0515438,1.80631e-07,0.0223175
-0.00140773,-1.08566e-06,0.0447468,2.07786e-07,0.0203639
-0.00140773,-1.08566e-06,0.0947468,5.57446e-07,0.0253639
-0.00129747,-1.07428e-06,0.0515235,2.38072e-07,0.02201
-0.00129747,-1.07428e-06,0.101524,5.96694e-07,0.02701
-0.00129175,-1.07123e-06,0.052357,2.40316e-07,0.0228622
-0.00129175,-1.07123e-06,0.102357,6.56851e-07,0.0278622
-0.00129021,-1.06893e-06,0.0524562,2.51061e-07,0.0232937
-0.00126658,-1.07191e-06,0.0449231,1.77444e-07,0.0209015
-0.00126658,-1.07191e-06,0.0949231,6.54261e-07,0.0259015
-0.00123657,-1.08218e-06,0.0515458,2.8661e-07,0.0222911
-0.00123657,-1.08218e-06,0.101546,7.83502e-07,0.0272911
-0.00117363,-1.13017e-06,0.0523597,3.38363e-07,0.0230053
-0.00117363,-1.13017e-06,0.10236,9.35422e-07,0.0280053
-0.00107782,-1.23485e-06,0.0524565,4.16342e-07,0.0233655
-0.00107782,-1.23485e-06,0.102456,1.15459e-06,0.0283655
-0.00103439,-1.31852e-06,0.052468,5.10797e-07,0.0235454
-0.000982728,-1.40532e-06,0.0449254,4.8422e-07,0.0210385
-0.000982728,-1.40532e-06,0.0949254,1.50025e-06,0.0260385
-0.00101994,-1.40394e-06,0.0515461,6.07171e-07,0.0223623
-0.00107968,-1.34586e-06,0.0447472,4.71798e-07,0.0203888
-0.00107968,-1.34586e-06,0.0947472,1.27776e-06,0.0253888
-0.00121059,-1.201e-06,0.0515236,5.0355e-07,0.0220231
-0.00121059,-1.201e-06,0.101524,1.10386e-06,0.0270231
-0.00121059,-1.201e-06,0.151524,1.63728e-06,0.0320231
-0.00130726,-1.03e-06,0.0572666,4.21184e-07,0.0253099
-0.00130726,-1.03e-06,0.107267,9.62507e-07,0.0303099
-0.00125517,-9.77458e-07,0.0530261,3.5746e-07,0.0244974
-0.00125517,-9.77458e-07,0.103026,1.10023e-06,0.0294974
-0.00125452,-9.27852e-07,0.0525353,4.52996e-07,0.0241035
-0.00125452,-9.27852e-07,0.102535,1.21332e-06,0.0291035
-0.00124604,-9.00265e-07,0.0524773,4.65834e-07,0.0239106
-0.00124604,-9.00265e-07,0.102477,1.14751e-06,0.0289106
-0.00129126,-8.31898e-07,0.0524704,4.5264e-07,0.0238156
-0.00137145,-7.28471e-07,0.0449258,3.6217e-07,0.0211849
-0.00137145,-7.28471e-07,0.0949258,1.06905e-06,0.0261849
-0.00137145,-7.28471e-07,0.144926,1.66498e-06,0.0311849
-0.00137145,-7.28471e-07,0.194926,2.22947e-06,0.0361849
-0.00143287,-6.17378e-07,0.0603032,4.4605e-07,0.0271881
-0.00144815,-5.5149e-07,0.0463695,3.30191e-07,0.022953
-0.00144815,-5.5149e-07,0.0963695,1.11896e-06,0.027953
-0.00145316,-5.05317e-07,0.0517276,4.83014e-07,0.0233393
-0.00146178,-4.71211e-07,0.0447825,4.1377e-07,0.0209263
-0.00146178,-4.71211e-07,0.0947825,1.0185e-06,0.0259263
-0.00147723,-4.36922e-07,0.051528,3.84054e-07,0.022304
-0.00147723,-4.36922e-07,0.101528,8.54615e-07,0.027304
-0.00147723,-4.36922e-07,0.151528,1.32234e-06,0.032304
-0.0015017,-3.99362e-07,0.0572669,3.34064e-07,0.0254409
-0.0015017,-3.99362e-07,0.107267,8.37739e-07,0.0304409
-0.00148258,-3.85827e-07,0.0530262,3.22311e-07,0.0245604
-0.00148258,-3.85827e-07,0.103026,8.69955e-07,0.0295604
-0.00148258,-3.85827e-07,0.153026,1.51677e-06,0.0345604
-0.00148258,-3.85827e-07,0.203026,2.06572e-06,0.0395604
-0.00140872,-4.05324e-07,0.0607823,4.03401e-07,0.0286193
-0.00140872,-4.05324e-07,0.110782,9.24485e-07,0.0336193
-0.00136663,-4.20392e-07,0.05342,3.31755e-07,0.0260459
-0.00136663,-4.20392e-07,0.10342,9.92669e-07,0.0310459
-0.00137668,-4.29143e-07,0.0525816,3.51216e-07,0.0248494
-0.00137668,-4.29143e-07,0.102582,8.11694e-07,0.0298494
-0.00131304,-4.47508e-07,0.0524828,2.84272e-07,0.0242748
-0.00131304,-4.47508e-07,0.102483,6.67158e-07,0.0292748
-0.00131263,-4.55167e-07,0.0524711,2.20413e-07,0.0239947
-0.00131263,-4.55167e-07,0.102471,4.22315e-07,0.0289947
-0.00127206,-4.60587e-07,0.0524697,1.49485e-07,0.023857
-0.00125964,-4.64048e-07,0.0449257,1.28647e-07,0.0212073
-0.00125964,-4.64048e-07,0.0949257,4.55376e-07,0.0262073
-0.00119248,-4.69507e-07,0.0515462,1.82484e-07,0.0224498
-0.00119248,-4.69507e-07,0.101546,4.21077e-07,0.0274498
-0.00119248,-4.69507e-07,0.151546,7.83534e-07,0.0324498
-0.00110523,-4.61994e-07,0.0572684,2.26807e-07,0.0255086
-0.00110523,-4.61994e-07,0.107268,5.06968e-07,0.0305086
-0.00110523,-4.61994e-07,0.157268,7.36488e-07,0.0355086
-0.00111341,-4.80485e-07,0.0577212,1.99102e-07,0.0268918
-0.00111341,-4.80485e-07,0.107721,6.04101e-07,0.0318918
-0.00111341,-4.80485e-07,0.157721,1.10397e-06,0.0368918
-0.000978874,-4.19837e-07,0.0577562,2.92681e-07,0.0274944
-0.000978874,-4.19837e-07,0.107756,8.2777e-07,0.0324944
-0.000978874,-4.19837e-07,0.157756,1.45029e-06,0.0374944
-0.000832266,-2.62513e-07,0.057759,3.63878e-07,0.0277527
-0.000832266,-2.62513e-07,0.107759,8.26318e-07,0.0327527
-0.000823771,-2.02272e-07,0.053082,2.6775e-07,0.0256488
-0.000823771,-2.02272e-07,0.103082,7.23264e-07,0.0306488
-0.000857551,-2.04834e-07,0.0525418,2.9585e-07,0.02466
-0.000857551,-2.04834e-07,0.102542,7.23161e-07,0.02966
-0.000805529,-1.36303e-07,0.0524781,3.00461e-07,0.0241828
-0.000805529,-1.36303e-07,0.102478,8.39246e-07,0.0291828
-0.000757117,-5.84575e-08,0.0524705,3.5007e-07,0.0239495
-0.000757117,-5.84575e-08,0.102471,1.06418e-06,0.0289495
-0.000769353,-3.35054e-08,0.0524696,4.55581e-07,0.0238348
-0.000769353,-3.35054e-08,0.10247,1.27707e-06,0.0288348
-0.000769353,-3.35054e-08,0.15247,2.32105e-06,0.0338348
-0.000769353,-3.35054e-08,0.20247,3.28681e-06,0.0388348
-0.000769353,-3.35054e-08,0.25247,4.22559e-06,0.0438348
-0.000769353,-3.35054e-08,0.30247,5.16855e-06,0.0488348
-0.000686592,1.34604e-07,0.0652013,6.89876e-07,0.0321798
-0.000659126,2.3891e-07,0.0472133,4.73799e-07,0.0253831
-0.000659126,2.3891e-07,0.0972133,1.36535e-06,0.0303831
-0.000617019,3.43288e-07,0.0518326,5.08156e-07,0.0245326
-0.000617019,3.43288e-07,0.101833,1.20307e-06,0.0295326
-0.000596623,4.2053e-07,0.0523939,4.41188e-07,0.0241207
-0.000596623,4.2053e-07,0.102394,1.03616e-06,0.0291207
-0.00059516,4.66446e-07,0.0524605,3.79246e-07,0.023919
-0.000591952,4.98933e-07,0.0449239,3.64928e-07,0.0212408
-0.000591952,4.98933e-07,0.0949239,1.15879e-06,0.0262408
-0.000591952,4.98933e-07,0.144924,1.85133e-06,0.0312408
-0.000506432,6.21071e-07,0.0567208,5.25481e-07,0.0249419
-0.000506432,6.21071e-07,0.106721,1.40478e-06,0.0299419
-0.00049854,6.83589e-07,0.0529639,5.492e-07,0.0243197
-0.00049854,6.83589e-07,0.102964,1.28978e-06,0.0293197
-0.000418507,8.20685e-07,0.0525279,5.04136e-07,0.0240166
-0.000401464,8.97041e-07,0.0449369,3.96372e-07,0.0212934
-0.000401464,8.97041e-07,0.0949369,1.32474e-06,0.0262934
-0.000398303,9.4959e-07,0.0515476,5.8244e-07,0.0224943
-0.000398303,9.4959e-07,0.101548,1.49684e-06,0.0274943
-0.00050657,8.28658e-07,0.0523599,5.70997e-07,0.0231082
-0.00050657,8.28658e-07,0.10236,1.24811e-06,0.0281082
-0.000603673,6.72966e-07,0.0524565,5.31103e-07,0.023417
-0.000603673,6.72966e-07,0.102457,1.5327e-06,0.028417
-0.000720776,4.74413e-07,0.052468,5.86144e-07,0.0235711
-0.000720776,4.74413e-07,0.102468,1.53767e-06,0.0285711
-0.000724906,3.69551e-07,0.0524693,6.14765e-07,0.0236476
-0.000714025,3.13325e-07,0.0449256,5.33127e-07,0.021094
-0.000714025,3.13325e-07,0.0949256,1.60379e-06,0.026094
-0.000734955,2.50853e-07,0.0515461,6.7121e-07,0.0223911
-0.000734955,2.50853e-07,0.101546,1.88851e-06,0.0273911
-0.000739537,2.06378e-07,0.0523597,7.55587e-07,0.023056
-0.000739537,2.06378e-07,0.10236,1.86859e-06,0.028056
-0.000739537,2.06378e-07,0.15236,2.93155e-06,0.033056
-0.000739537,2.06378e-07,0.20236,3.97659e-06,0.038056
-0.000739537,2.06378e-07,0.25236,5.02162e-06,0.043056
-0.000673054,1.89076e-07,0.0632618,7.92971e-07,0.0300219
-0.000673054,1.89076e-07,0.113262,1.87316e-06,0.0350219
-0.000673054,1.89076e-07,0.163262,2.98618e-06,0.0400219
-0.000694422,1.50719e-07,0.0581765,7.09767e-07,0.028809
-0.000694802,1.35828e-07,0.0459894,5.35405e-07,0.0237654
-0.000694802,1.35828e-07,0.0959894,1.6965e-06,0.0287654
-0.000694802,1.35828e-07,0.145989,2.85022e-06,0.0337654
-0.000685199,1.33266e-07,0.0568107,7.83915e-07,0.0261123
-0.000685199,1.33266e-07,0.106811,2.1268e-06,0.0311123
-0.00065626,1.66423e-07,0.0529742,8.50774e-07,0.0248809
-0.00065626,1.66423e-07,0.102974,2.38497e-06,0.0298809
-0.00063823,1.97784e-07,0.0525291,9.43261e-07,0.0242901
-0.00063823,1.97784e-07,0.102529,2.59569e-06,0.0292901
-0.000628827,2.22282e-07,0.0524766,1.02592e-06,0.0240022
-0.000628827,2.22282e-07,0.102477,2.75282e-06,0.0290022
-0.000628827,2.22282e-07,0.152477,4.47972e-06,0.0340022
-0.000510254,3.50513e-07,0.0573433,1.18003e-06,0.0262195
-0.000437025,4.79083e-07,0.0458381,9.00893e-07,0.0224561
-0.000437025,4.79083e-07,0.0958381,2.83603e-06,0.0274561
-0.000414747,5.57779e-07,0.0516611,1.19559e-06,0.0230889
-0.000414747,5.57779e-07,0.101661,3.08395e-06,0.0280889
-0.000414747,5.57779e-07,0.151661,5.10063e-06,0.0330889
-0.000391062,6.37998e-07,0.0572777,1.37729e-06,0.0258035
-0.000391062,6.37998e-07,0.107278,3.47875e-06,0.0308035
-0.000391062,6.37998e-07,0.157278,5.62528e-06,0.0358035
-0.000452239,5.86397e-07,0.0577219,1.40684e-06,0.0270214
-0.000452239,5.86397e-07,0.107722,3.43436e-06,0.0320214
-0.000517261,4.92937e-07,0.0530778,1.28313e-06,0.0253092
-0.000532134,4.43087e-07,0.0450422,1.1123e-06,0.0219812
-0.000549411,3.96716e-07,0.0434374,1.16461e-06,0.0201764
-0.000549411,3.96716e-07,0.0934374,3.52086e-06,0.0251764
-0.000549411,3.96716e-07,0.143437,5.84029e-06,0.0301764
-0.000560146,3.54481e-07,0.0565943,1.66911e-06,0.0244331
-0.000599127,2.9667e-07,0.045701,1.26435e-06,0.0215168
-0.000599127,2.9667e-07,0.095701,3.74477e-06,0.0265168
-0.00064303,2.26416e-07,0.0516439,1.57943e-06,0.0226095
-0.00064303,2.26416e-07,0.101644,4.08262e-06,0.0276095
-0.000628822,2.03435e-07,0.0523714,1.58499e-06,0.0231664
-0.000628822,2.03435e-07,0.102371,4.06681e-06,0.0281664
-0.000628822,2.03435e-07,0.152371,6.58193e-06,0.0331664
-0.00076037,7.07782e-08,0.0573348,1.75122e-06,0.0258391
-0.00076037,7.07782e-08,0.107335,4.41585e-06,0.0308391
-0.000810063,-2.52043e-08,0.0530339,1.66341e-06,0.024751
-0.000810063,-2.52043e-08,0.103034,4.3487e-06,0.029751
-0.000710084,-1.92069e-08,0.153034,7.034e-06,0.034751
-0.000834396,-1.3049e-07,0.0573879,1.83915e-06,0.0265558
-0.000734547,-1.24324e-07,0.107388,4.58516e-06,0.0315558
-0.000634807,-1.18209e-07,0.157388,7.36703e-06,0.0365558
-0.000680161,-1.05813e-07,0.0577304,1.85529e-06,0.0273493
-0.000479533,-9.23735e-08,0.10773,4.86242e-06,0.0323493
-0.000527233,-3.42693e-08,0.0530788,1.80764e-06,0.025462
-0.000216658,1.87849e-07,0.0450424,1.54744e-06,0.0220615
8.38337e-05,2.10077e-07,0.0950424,4.88234e-06,0.0270615
0.000328346,4.60433e-07,0.0515609,2.0835e-06,0.0228885
0.000628866,4.83165e-07,0.101561,5.46422e-06,0.0278885
0.000938414,5.06575e-07,0.151561,8.87031e-06,0.0328885
0.00115292,8.74509e-07,0.0572696,2.36648e-06,0.0257114
0.0015233,1.30387e-06,0.0458247,1.78201e-06,0.0221921
0.00202158,1.34136e-06,0.0958247,5.17633e-06,0.0271921
0.00225001,1.99616e-06,0.0516594,2.16245e-06,0.022955
0.00279542,2.75029e-06,0.0447692,1.79993e-06,0.020716
0.00329518,2.78797e-06,0.0947692,5.18548e-06,0.025716
0.00366366,3.90208e-06,0.0515264,2.20628e-06,0.0221945
0.00426386,3.9464e-06,0.101526,5.36859e-06,0.0271945
0.00491194,5.98563e-06,0.0523574,2.14751e-06,0.0229562
0.00561126,6.04046e-06,0.102357,5.68539e-06,0.0279562
0.00631247,6.09733e-06,0.152357,9.21181e-06,0.0329562
0.00670489,9.41784e-06,0.0573337,2.47147e-06,0.0257426
0.00749093,1.22919e-05,0.0458364,1.88934e-06,0.0222083
0.00818873,1.23476e-05,0.0958364,5.55628e-06,0.0272084
0.00911113,1.60297e-05,0.0516609,2.30788e-06,0.0229633
0.00991284,1.60935e-05,0.101661,5.83986e-06,0.0279633
0.01057,1.96405e-05,0.0523734,2.30537e-06,0.0233444
0.0114666,1.971e-05,0.102373,5.83686e-06,0.0283445
0.0113542,2.24361e-05,0.0524581,2.26492e-06,0.023535
0.0121151,2.49447e-05,0.0449235,1.87244e-06,0.0210329
0.0130166,2.50162e-05,0.0949235,5.38232e-06,0.0260329
0.0137208,2.77141e-05,0.0515459,2.29552e-06,0.0223594
0.0149637,2.78102e-05,0.101546,5.83071e-06,0.0273595
0.015742,3.09197e-05,0.0523597,2.28682e-06,0.02304
0.0168422,3.10052e-05,0.10236,5.6675e-06,0.02804
0.017959,3.10921e-05,0.15236,9.17606e-06,0.0330401
0.0182339,3.53465e-05,0.0573339,2.43435e-06,0.0257812
0.0193288,3.54262e-05,0.107334,5.88038e-06,0.0307812
0.0206403,4.05294e-05,0.0530338,2.12941e-06,0.0247234
0.0218384,4.06197e-05,0.103034,5.51799e-06,0.0297234
0.0227476,4.65329e-05,0.0525362,2.13344e-06,0.0242137
0.0244229,5.20375e-05,0.0449385,1.80277e-06,0.0213993
0.0249876,5.20804e-05,0.0949385,5.11723e-06,0.0263994
0.0261904,5.21698e-05,0.144938,8.49636e-06,0.0313994
0.0273908,5.22599e-05,0.194938,1.18383e-05,0.0363995
0.0284274,6.30582e-05,0.060304,2.46841e-06,0.0272815
0.0296211,6.31526e-05,0.110304,6.00568e-06,0.0322816
0.0307179,7.32787e-05,0.0533671,2.17208e-06,0.0254305
0.0320781,8.14917e-05,0.0450973,1.761e-06,0.022045
0.0335879,8.89534e-05,0.0434489,1.76064e-06,0.0202121
0.0347904,8.90456e-05,0.0934489,5.12151e-06,0.0252122
0.0361578,9.81289e-05,0.0513581,2.23043e-06,0.0219302
0.0374476,9.82242e-05,0.101358,5.66445e-06,0.0269303
0.0386346,0.000108732,0.0523373,2.21873e-06,0.0228216
0.0396098,0.000108807,0.102337,5.60075e-06,0.0278217
0.0407487,0.000120219,0.0524538,2.20875e-06,0.0232733
0.0420545,0.000120323,0.102454,5.74116e-06,0.0282734
0.0434517,0.000120433,0.152454,9.3254e-06,0.0332735
0.0445308,0.000135732,0.0573414,2.46647e-06,0.0258882
0.0459736,0.000135842,0.107341,5.9219e-06,0.0308883
0.047824,0.000151344,0.0530346,2.18196e-06,0.0247745
0.0492257,0.000151459,0.103035,5.75264e-06,0.0297746
0.0502631,0.00016513,0.0525363,2.25859e-06,0.0242386
0.0517627,0.00016525,0.102536,6.0251e-06,0.0292387
0.0532631,0.000165374,0.152536,9.62633e-06,0.0342388
0.0548649,0.00018506,0.057348,2.52936e-06,0.0263262
0.0565512,0.0001852,0.107348,6.25296e-06,0.0313263
0.0575612,0.000201339,0.0530354,2.31743e-06,0.0249824
0.0591614,0.000201474,0.103035,6.1177e-06,0.0299825
0.0608664,0.000217279,0.0525364,2.3678e-06,0.0243394
0.0624919,0.00021742,0.102536,6.22101e-06,0.0293395
0.0639548,0.000232205,0.0524774,2.44295e-06,0.0240264
0.0655684,0.000232344,0.102477,6.27404e-06,0.0290265
0.0665994,0.000246025,0.0524704,2.45448e-06,0.0238728
0.0683714,0.000257311,0.0449258,2.06432e-06,0.0212158
0.0699666,0.000257463,0.0949258,6.1059e-06,0.0262159
0.0716501,0.000270584,0.0515462,2.66834e-06,0.0224543
0.0732806,0.000270025,0.101546,6.95037e-06,0.0274545
0.0742845,0.000283172,0.0523597,8.78853e-06,0.0230881
0.0758869,0.000284556,0.10236,6.37102e-05,0.0280883
0.0778069,0.000300933,0.0524565,3.5662e-05,0.0234071
0.0794161,0.000304452,0.102456,0.000147456,0.0284075
0.0810041,0.000308235,0.152456,0.000290092,0.0334081
0.0823748,0.000327887,0.0573414,9.33861e-05,0.0259497
0.0837765,0.000344681,0.0458373,0.000108012,0.0223167
0.0853851,0.000355553,0.095835,0.000430571,0.0273191
0.0868134,0.000374855,0.0516595,0.000207655,0.0230198
0.0884064,0.000390982,0.101654,0.000697102,0.0280252
0.0900479,0.000416646,0.05237,0.000313953,0.0233758
0.0918688,0.000446085,0.0449025,0.000329458,0.0209492
0.0934676,0.00047405,0.0948882,0.00113328,0.0259636
0.095064,0.000505295,0.144869,0.00205282,0.0309825
0.0963818,0.000533052,0.056707,0.000625102,0.0248145
0.0979838,0.000575418,0.106674,0.00183653,0.0298472
0.0999713,0.000624537,0.0529437,0.0007546,0.024273
0.101577,0.000678489,0.102892,0.00228096,0.0293249
0.103164,0.000737607,0.152828,0.00397037,0.0343885
0.104108,0.000761372,0.0573426,0.00110429,0.026374
0.106201,0.000837051,0.0458055,0.000957864,0.0225559
0.107802,0.000914628,0.0956991,0.0031428,0.0276624
0.108804,0.00095133,0.0515944,0.00138441,0.0231879
0.11031,0.00103609,0.101451,0.00391775,0.0283311
0.111907,0.00113174,0.15129,0.00661143,0.033493
0.113448,0.00119463,0.0571714,0.00182272,0.0259262
0.115037,0.00130209,0.106966,0.00485795,0.031132
0.116843,0.00139445,0.0529017,0.00187786,0.0248689
0.119038,0.00153054,0.0449115,0.00167455,0.0218038
0.120636,0.0016572,0.0946297,0.00522462,0.0270857
0.122231,0.00178993,0.144319,0.00894785,0.032396
0.124261,0.00192288,0.0565205,0.00256143,0.0253617
0.12588,0.00204203,0.0455456,0.00206302,0.0220797
0.127473,0.0021935,0.0951419,0.0063059,0.0274834
0.129271,0.00237157,0.144704,0.010722,0.0329212
0.130084,0.00241982,0.0564914,0.00304457,0.0255512
0.131981,0.00259322,0.0454862,0.00242586,0.0222034
0.133574,0.00277002,0.0949384,0.00736062,0.0277514
0.135287,0.00293526,0.0512978,0.00315762,0.0231849
0.137087,0.00314935,0.100669,0.00843831,0.0288134
0.137812,0.00321176,0.0519669,0.00340704,0.0236859
0.139398,0.00341323,0.101252,0.00903325,0.0294008
0.1408,0.00356395,0.0520013,0.00360599,0.0239612
0.142745,0.00379813,0.0445153,0.00309579,0.0214251
0.144335,0.00401939,0.0936607,0.00923791,0.0272797
0.145648,0.00417802,0.0509908,0.00398605,0.0229072
0.147218,0.00440922,0.100035,0.0104729,0.0288627
0.149044,0.00464891,0.0517407,0.00421398,0.0236564
0.151214,0.00495613,0.0443591,0.00358646,0.0213073
0.152802,0.00520934,0.0932438,0.0105824,0.0274227
0.154388,0.00546853,0.142072,0.0177491,0.0335947
0.155323,0.00559151,0.0559027,0.00504489,0.0255324
0.156901,0.00586236,0.104614,0.0125492,0.0318209
0.158525,0.00614778,0.153266,0.0202221,0.0381697
0.16,0.0063676,0.056772,0.00523321,0.0274492
0.161254,0.00659946,0.105286,0.0132755,0.0339357
0.163019,0.00688963,0.0521652,0.00495613,0.0259939
0.16506,0.00725138,0.0442441,0.00422283,0.0226616
0.16664,0.00756129,0.0925828,0.012708,0.029323
0.168202,0.0078732,0.140863,0.0213352,0.0360428
0.16929,0.00805872,0.0555453,0.00599333,0.0264226
0.17085,0.00838096,0.103709,0.0148972,0.0332595
0.172786,0.0087498,0.0518117,0.00561539,0.0256168
0.174681,0.0091276,0.0440308,0.00471853,0.0225234
0.176249,0.00946632,0.0920365,0.0139794,0.0295177
0.17758,0.00973506,0.0502756,0.00595551,0.0239013
0.179152,0.010084,0.098177,0.0154441,0.031
0.180935,0.0104625,0.0510034,0.00614686,0.0245295
0.182802,0.0108728,0.0437493,0.00514522,0.0219906
0.184367,0.0112329,0.0914952,0.0149613,0.0292449
0.185619,0.011514,0.0500769,0.00638735,0.0237237
0.187176,0.0118802,0.0977256,0.0164012,0.0310751
0.188728,0.0122484,0.145327,0.0265108,0.0384744
0.190007,0.0125463,0.0555902,0.00711479,0.0270979
0.191576,0.0129266,0.103102,0.0174006,0.0345868
0.193008,0.0132715,0.0514598,0.00649212,0.0261174
0.194557,0.0136542,0.0988758,0.0169614,0.0337016
0.196648,0.0141718,0.0509095,0.00659795,0.025756
0.1982,0.0145624,0.0982316,0.0172438,0.033434
0.199311,0.0148459,0.0507825,0.00674649,0.0256189
0.200915,0.0152571,0.0980111,0.0175647,0.0333905
0.202132,0.0155751,0.05071,0.00687973,0.0255832
0.203677,0.0159782,0.0978455,0.0178659,0.0334478
0.205291,0.0164074,0.050647,0.00699849,0.0255953
0.206823,0.0168138,0.0976887,0.0181506,0.0335537
0.208339,0.0172252,0.0505857,0.00711014,0.0256317
0.209877,0.0176401,0.097534,0.0184244,0.0336835
0.21158,0.0181112,0.0505251,0.00721707,0.02568
0.213126,0.0185351,0.0973792,0.0186919,0.0338261
0.214873,0.0190282,0.0504645,0.00732132,0.0257346
0.216412,0.0194572,0.0972233,0.0189552,0.0339759
0.218079,0.0199253,0.143934,0.030668,0.0422651
0.218691,0.0201141,0.0550765,0.00810373,0.0283629
0.220339,0.0205956,0.0441002,0.00614171,0.0241306
0.222359,0.0211873,0.0418501,0.00613059,0.0221586
0.223892,0.0216315,0.0883674,0.0181553,0.0306414
0.225428,0.0220797,0.134836,0.0302568,0.0391731
0.226521,0.0224194,0.0541058,0.00860112,0.0270468
0.228294,0.0229596,0.0437835,0.00652969,0.0234964
0.229834,0.0234194,0.0901035,0.0188608,0.0321764
0.23136,0.023878,0.136373,0.0312682,0.0409067
0.23289,0.0243414,0.182593,0.0437509,0.0496871
0.234269,0.0247856,0.0576125,0.0091007,0.030097
0.235919,0.0253095,0.0443972,0.00650348,0.0250207
0.237447,0.0257826,0.090465,0.0192113,0.033953
0.239038,0.026297,0.0492537,0.00800161,0.0258583
0.240536,0.0267673,0.0952175,0.02086,0.0348946
0.241625,0.0271306,0.0498,0.00823097,0.0261362
0.243156,0.0276182,0.0956592,0.0212383,0.0352771
0.244307,0.0280062,0.0498117,0.00832367,0.0262873
0.24616,0.0286203,0.0426985,0.00693394,0.0233151
0.247678,0.0291135,0.0884007,0.0201601,0.032613
0.249651,0.0297775,0.0487608,0.00857001,0.0251745
0.251175,0.0302796,0.0943562,0.0219418,0.0345792
0.252685,0.0307805,0.139898,0.0353865,0.044038
0.253965,0.0312325,0.0541391,0.00946966,0.0286105
0.255433,0.0317259,0.0995704,0.0230608,0.0381793
0.256608,0.0321444,0.0501489,0.0085772,0.0274577
0.258116,0.0326582,0.0954721,0.0223098,0.0371346
0.259519,0.0331573,0.0495904,0.00865633,0.0270892
0.261654,0.0339088,0.0424544,0.007238,0.0238462
0.263166,0.0344338,0.0876107,0.0211844,0.0336899
0.264764,0.0349925,0.132711,0.0352017,0.0435899
0.266075,0.0354729,0.0532847,0.00986008,0.0284373
0.267678,0.0360402,0.0982719,0.0240181,0.0384502
0.269286,0.0366132,0.143202,0.0382462,0.0485202
0.270972,0.0372181,0.188075,0.0525444,0.0586477
0.272595,0.0378231,0.0573698,0.0101741,0.0324246
0.274843,0.0386537,0.0438804,0.0072469,0.0263725
0.276623,0.039304,0.0885796,0.0217533,0.0366734
0.27841,0.0399612,0.133221,0.0363282,0.0470324
0.28019,0.0406197,0.177803,0.050972,0.0574503
0.280877,0.0408973,0.0565706,0.0104034,0.032116
0.282656,0.0415635,0.101035,0.0251841,0.0426521
0.284214,0.0421655,0.050011,0.00900985,0.0292622
0.286095,0.0428785,0.094356,0.0239262,0.0399174
0.288099,0.0436547,0.0490897,0.00920694,0.0282654
0.290554,0.0446074,0.0419886,0.00774602,0.0246586
0.292504,0.0453603,0.0861523,0.0228646,0.0354951
0.294732,0.0462392,0.047807,0.00969153,0.0264464
0.296688,0.0470034,0.0918489,0.0249432,0.0374047
0.298553,0.0477517,0.0485051,0.00987371,0.0270698
0.300508,0.0485246,0.0924238,0.0252579,0.0381512
0.301903,0.0490949,0.0485448,0.00990359,0.0273826
0.303946,0.0499117,0.0923393,0.0254192,0.0385882
0.305987,0.0507328,0.136072,0.0410002,0.0498562
0.307992,0.0515581,0.0529974,0.0108338,0.0303234
0.310032,0.052388,0.0966038,0.0265447,0.0417171
0.311597,0.0530419,0.049037,0.00983944,0.0288158
0.313539,0.0538514,0.0416851,0.00817617,0.025071
0.315312,0.0545859,0.0850927,0.0240884,0.0366636
0.31776,0.0556152,0.0473369,0.0101967,0.0269384
0.319794,0.056467,0.0906243,0.0262281,0.0386512
0.321356,0.0571354,0.0480182,0.0103778,0.0275635
0.323383,0.0579937,0.0911762,0.0265357,0.0394057
0.325445,0.0588717,0.134269,0.0427563,0.051313
0.327221,0.0596404,0.0525284,0.0113195,0.0306702
0.329025,0.0604234,0.0421868,0.00852512,0.0259218
0.331028,0.0612909,0.0850825,0.0249331,0.0380264
0.333384,0.0623213,0.0471368,0.0104505,0.0275203
0.336,0.0634724,0.0409331,0.00880182,0.0245753
0.338014,0.0643585,0.0836302,0.0253939,0.0368784
0.339745,0.0651329,0.0467673,0.0108112,0.0269659
0.341749,0.0660247,0.08933,0.0275254,0.0394034
0.343754,0.0669217,0.131825,0.0442999,0.0519081
0.345762,0.067825,0.174253,0.0611346,0.0644804
0.34775,0.0687314,0.0551806,0.0123258,0.0331457
0.350412,0.0699468,0.0424986,0.00872478,0.0271177
0.352415,0.0708624,0.0847222,0.0257384,0.0398942
0.354414,0.0717812,0.126877,0.0428111,0.0527395
0.356413,0.0727046,0.168964,0.0599423,0.0656532
0.358403,0.0736285,0.210981,0.0771323,0.0786361
0.360892,0.074799,0.057228,0.0125182,0.0358416
0.362882,0.0757328,0.0991065,0.0298245,0.0489633
0.364324,0.0764258,0.0488187,0.0103507,0.0315427
0.366313,0.0773693,0.0905574,0.0277722,0.0448042
0.368147,0.0782566,0.0475789,0.0106206,0.0301898
0.370319,0.079297,0.0891769,0.0281561,0.043592
0.371623,0.0799385,0.0472509,0.0109315,0.0296603
0.374179,0.0811865,0.0405127,0.00915999,0.0259289
0.376158,0.0821498,0.0818977,0.0268646,0.039544
0.37823,0.0831761,0.0460053,0.0113864,0.0281492
0.380516,0.0842999,0.0872468,0.0292026,0.0419078
0.382161,0.0851133,0.128405,0.0470827,0.0557497
0.383888,0.0859888,0.0510752,0.0125649,0.0317758
0.386208,0.0871605,0.0411371,0.00944,0.0268124
0.388181,0.0881502,0.0820904,0.0274749,0.0408592
0.389646,0.0889046,0.0458831,0.0115166,0.0286977
0.392128,0.090176,0.0398827,0.00968224,0.0255843
0.394095,0.0911778,0.0806173,0.0278782,0.0398499
0.396055,0.0921807,0.121278,0.0461275,0.0541891
0.398011,0.0931866,0.161865,0.0644298,0.0686023
0.399846,0.0941572,0.0533731,0.0135159,0.0338969
0.401345,0.0949368,0.0937954,0.0319349,0.0484747
0.403434,0.0960453,0.0474159,0.011474,0.0312387
0.405377,0.0970645,0.0877068,0.0299846,0.0459481
0.407308,0.0981001,0.0465231,0.0115481,0.0305399
0.409256,0.0991315,0.0866644,0.0301611,0.0453988
0.410744,0.0999414,0.0462702,0.0117354,0.0303112
0.412683,0.100978,0.086261,0.0304497,0.0453205
0.414145,0.101781,0.0461243,0.0118739,0.0302557
0.416412,0.103005,0.0859639,0.0306884,0.0454164
0.418147,0.103961,0.0460032,0.0119781,0.0302819
0.420003,0.104973,0.0856877,0.0308933,0.0455975
0.421925,0.106026,0.125299,0.0498556,0.0609866
0.424477,0.107443,0.050166,0.0131322,0.0333124
0.426405,0.108509,0.0896243,0.0321912,0.0488543
0.42785,0.109326,0.0464554,0.0119107,0.031472
0.42998,0.110526,0.0395374,0.0098845,0.0272581
0.431898,0.111601,0.0787645,0.0290867,0.0430313
0.434542,0.113103,0.0446587,0.0123001,0.0296368
0.436457,0.114188,0.0837306,0.0315961,0.0455651
0.437855,0.114997,0.0452922,0.0124882,0.0302997
0.440182,0.116339,0.0390184,0.0103365,0.0267536
0.442097,0.117438,0.0778564,0.029771,0.0429158
0.443457,0.118238,0.0442826,0.0126413,0.0295346
0.445359,0.11934,0.0829636,0.0321665,0.0458539
0.4475,0.120601,0.0449794,0.0127369,0.030377
0.449393,0.121709,0.0835022,0.0323518,0.0468543
0.450753,0.122524,0.0450433,0.0126778,0.030775
0.45324,0.124003,0.0387572,0.0104817,0.0271048
0.455134,0.125127,0.0770423,0.0302283,0.0438199
0.457493,0.126548,0.0439346,0.0128289,0.0299222
0.459393,0.127685,0.0820602,0.0326618,0.0467968
0.461129,0.128747,0.0446221,0.0129297,0.0307534
0.46301,0.129883,0.0825875,0.0328476,0.0477883
0.464662,0.130905,0.0446853,0.0128698,0.0311425
0.466545,0.132053,0.0824901,0.0328713,0.0483379
0.468878,0.133502,0.0446381,0.01285,0.0313787
0.470753,0.134656,0.0822814,0.0329339,0.0487356
0.472153,0.135544,0.0445595,0.0128643,0.0315469
0.474023,0.136704,0.0820404,0.0330293,0.0490662
0.475564,0.137688,0.0444677,0.0128969,0.0316826
0.47754,0.138926,0.0817859,0.0331416,0.0493647
0.479248,0.140024,0.0443685,0.0129388,0.0318036
0.481103,0.141197,0.0815229,0.0332622,0.0496494
0.482922,0.142375,0.0442678,0.0129838,0.031915
0.484784,0.143563,0.0812584,0.0333842,0.0499246
0.486148,0.144462,0.0441647,0.0130307,0.0320234
0.487998,0.145652,0.0809904,0.033507,0.0501979
0.489698,0.146777,0.0440603,0.0130779,0.0321304
0.491542,0.147974,0.0807209,0.0336287,0.0504701
0.493388,0.149178,0.117299,0.0542161,0.0688926
0.495463,0.150569,0.0480533,0.0142827,0.0353824
0.497945,0.152229,0.0388029,0.0107451,0.029426
0.499772,0.153435,0.0751305,0.031441,0.0480986
0.501773,0.154796,0.0429716,0.0131549,0.0317459
0.503606,0.156018,0.0791325,0.0339211,0.0505852
0.504869,0.156899,0.0434663,0.0133719,0.0322987
0.506718,0.158142,0.0794593,0.0342073,0.0513059
0.508181,0.159167,0.0434698,0.0133777,0.0325473
0.51054,0.160801,0.0374393,0.0110765,0.0285303
0.512361,0.162042,0.07318,0.032013,0.0477897
0.51418,0.163286,0.108836,0.0529826,0.0671339
0.515989,0.164528,0.144407,0.073985,0.0865627
0.518009,0.165983,0.0497217,0.0154616,0.03771
0.519939,0.167363,0.0388176,0.0109558,0.0304749
0.521981,0.168784,0.074135,0.032054,0.0501577
0.523672,0.170014,0.0424609,0.0133164,0.0325915
0.525481,0.171283,0.0776082,0.0344769,0.0524444
0.527274,0.172547,0.11267,0.0556681,0.072383
0.529071,0.17382,0.147646,0.0768896,0.0924069
0.529977,0.174533,0.0498833,0.0153529,0.0389295
0.531865,0.175925,0.0387209,0.0108695,0.0311359
0.534067,0.17754,0.0360321,0.0107663,0.0286635
0.535853,0.178826,0.0706657,0.0321055,0.0490301
0.53734,0.179941,0.0414654,0.0137846,0.0322547
0.539115,0.18123,0.0759265,0.0351807,0.0527938
0.541241,0.182824,0.0422234,0.0139378,0.0331417
0.54302,0.184127,0.0765126,0.035389,0.0538528
0.544192,0.185032,0.0423095,0.0138594,0.0335201
0.546247,0.186586,0.0364983,0.0114462,0.0293706
0.548012,0.187895,0.0705277,0.0329779,0.0503413
0.549904,0.189347,0.0411712,0.0139866,0.0326893
0.551667,0.190665,0.0750274,0.0355701,0.0538334
0.553455,0.192008,0.108797,0.0571789,0.0750644
0.554362,0.192747,0.0458232,0.0152712,0.0368919
0.556643,0.194516,0.0372069,0.0114271,0.0306714
0.558025,0.195568,0.0706965,0.0331152,0.0521819
0.55972,0.196906,0.041111,0.0138655,0.0334335
0.561469,0.198247,0.0744443,0.0355961,0.0551003
0.563723,0.20003,0.0416126,0.0140354,0.0340663
0.565458,0.201372,0.0747707,0.0358123,0.0559084
0.567193,0.202719,0.107841,0.0576117,0.0778379
0.56893,0.204073,0.140825,0.0794332,0.0998548
0.570061,0.205029,0.0484625,0.0158151,0.0403797
0.571523,0.206222,0.0377032,0.0111785,0.0321561
0.573868,0.208113,0.0350218,0.0110624,0.029673
0.575389,0.209319,0.0676415,0.0329721,0.0520535
0.577193,0.210799,0.0401685,0.0141526,0.0335507
0.578915,0.212176,0.0726242,0.0361,0.0560951
0.580706,0.213664,0.0409158,0.0142981,0.0344488
0.582558,0.215199,0.0354309,0.0117896,0.0302238
0.584287,0.216599,0.0676217,0.0337951,0.0530331
0.585974,0.217969,0.0997233,0.0558194,0.0759318
0.587161,0.219001,0.0440153,0.0156599,0.0374145
0.588862,0.220443,0.0361083,0.0117846,0.0312808
0.590562,0.221842,0.0679454,0.0338626,0.0544438
0.592372,0.223394,0.0399593,0.0142083,0.0343737
0.594061,0.224795,0.071619,0.0363204,0.0577143
0.59575,0.226264,0.0404914,0.0143303,0.035086
0.597438,0.227675,0.0719737,0.036475,0.0586038
0.598595,0.228711,0.0405357,0.0142655,0.0353884
0.60025,0.230106,0.0718387,0.0364417,0.0590857
0.602308,0.231916,0.0404808,0.0142268,0.0355834
0.603983,0.23334,0.071607,0.0364325,0.0594574
0.605656,0.234767,0.102644,0.0586526,0.0834206
0.607589,0.236511,0.0441844,0.0154529,0.0391944
0.60926,0.237949,0.0750437,0.0377007,0.0633353
0.610477,0.239077,0.0410603,0.0139342,0.0368198
0.612134,0.240514,0.0717409,0.0362081,0.0611395
0.613552,0.241822,0.0404117,0.0139881,0.036398
0.615649,0.243715,0.0347921,0.011643,0.0315779
0.617315,0.245178,0.0652047,0.0339536,0.0561655
0.618952,0.246621,0.0955274,0.0562757,0.0808431
0.620325,0.247917,0.0428919,0.015716,0.038863
0.621967,0.249377,0.0730362,0.0380599,0.0637188
0.623239,0.250586,0.0403595,0.0141989,0.0369688
0.625184,0.252387,0.034581,0.0116946,0.0319197
0.626909,0.253939,0.0644558,0.0340688,0.0570451
0.628363,0.255318,0.0386017,0.0144027,0.0355476
0.629995,0.256797,0.0682977,0.0367952,0.0608518
0.631244,0.258003,0.0391903,0.0145314,0.0363285
0.632863,0.259483,0.0687067,0.0369408,0.0618123
0.634525,0.261081,0.0392575,0.014448,0.0366414
0.636139,0.262568,0.0685945,0.0368728,0.0623046
0.637756,0.264064,0.097842,0.0593048,0.0880574
0.63937,0.265563,0.126999,0.0817435,0.1139
0.640689,0.266902,0.0457181,0.0162478,0.0431864
0.642318,0.2685,0.0357579,0.0114747,0.0341311
0.643946,0.27003,0.0646452,0.0339318,0.0602439
0.646102,0.272149,0.0385316,0.0140499,0.0367893
0.647701,0.273664,0.0672398,0.0365174,0.0630813
0.649019,0.275002,0.0387958,0.014343,0.037241
0.650869,0.276843,0.0335817,0.0118914,0.0324251
0.652457,0.278366,0.06202,0.0343718,0.0589869
0.654041,0.279891,0.0903683,0.0568557,0.0856388
0.655441,0.281348,0.0414234,0.01591,0.0401709
0.65702,0.282881,0.0695919,0.0384,0.0670027
0.658123,0.284052,0.0390665,0.0143311,0.038185
0.660009,0.285975,0.0335272,0.0117867,0.0329324
0.66186,0.287863,0.0318915,0.0117779,0.0314133
0.663429,0.28941,0.0597004,0.0342757,0.0586046
0.664994,0.29096,0.0874192,0.0567745,0.085886
0.666028,0.292089,0.0406226,0.0161526,0.0402578
0.66789,0.294031,0.0336391,0.0121309,0.0335005
0.669442,0.295586,0.0610883,0.0346307,0.0610514
0.670992,0.297145,0.0884478,0.0571302,0.0886921
0.672126,0.298401,0.040841,0.0158749,0.0409816
0.673674,0.29997,0.0680211,0.0383725,0.0688018
0.674976,0.301397,0.0384807,0.0143014,0.0388567
0.677019,0.303568,0.0330316,0.0117682,0.0334713
0.678552,0.305142,0.0599427,0.0342604,0.0615605
0.680457,0.307196,0.0366955,0.0144783,0.0374544
0.681977,0.308769,0.0634269,0.0369651,0.0657232
0.683529,0.310476,0.0372671,0.0145933,0.0382519
0.685056,0.312069,0.0638199,0.0370732,0.0666994
0.686572,0.313657,0.0902828,0.0595492,0.0952367
0.688285,0.315575,0.0408937,0.0157337,0.0422763
0.689797,0.31717,0.0671776,0.0382007,0.0709926
0.691406,0.318982,0.0381439,0.014122,0.0396399
0.692912,0.320583,0.0642491,0.0365786,0.0685349
0.694417,0.322191,0.090265,0.0590294,0.0975193
0.695535,0.323509,0.0409899,0.0153844,0.0429542
0.69704,0.325129,0.0668268,0.0378227,0.0721176
0.698745,0.327077,0.0380484,0.013937,0.040083
0.70024,0.3287,0.0637069,0.0363614,0.0694247
0.701724,0.330317,0.0892759,0.0587783,0.0988559
0.702594,0.331384,0.040766,0.0152863,0.0433304
0.704304,0.333344,0.03324,0.0115224,0.0353145
0.705784,0.334975,0.0585419,0.0339147,0.0650127
0.707167,0.336588,0.0360508,0.0141547,0.038828
0.708859,0.338535,0.031589,0.011892,0.0340403
0.710328,0.340175,0.0566243,0.0342565,0.0640053
0.711756,0.34185,0.0352943,0.0145401,0.0385019
0.713215,0.343492,0.0601515,0.0368842,0.0686448
0.714673,0.345139,0.0849201,0.0592177,0.0988765
0.715481,0.346152,0.0394469,0.0158067,0.0432457
0.71645,0.347257,0.0640091,0.038114,0.0736836
0.717899,0.348914,0.0885122,0.0604134,0.104181
0.719678,0.351058,0.0402684,0.0152996,0.0443087
0.721506,0.353241,0.0327624,0.0114525,0.0359284
0.722947,0.354908,0.0570005,0.0337147,0.0666905
0.724382,0.356575,0.0811503,0.0559637,0.0975409
0.725437,0.357901,0.0389427,0.0154003,0.043525
0.726862,0.359571,0.0629159,0.0376221,0.074552
0.728284,0.361242,0.0868011,0.0598297,0.105667
0.729707,0.362923,0.110598,0.0820227,0.13687
0.731065,0.364653,0.0424752,0.0157563,0.0475945
0.732713,0.366695,0.0333021,0.0111386,0.037085
0.734126,0.368384,0.0568348,0.0332859,0.0685526
0.735731,0.37031,0.0802797,0.0554173,0.100108
0.736474,0.371302,0.0387734,0.0150938,0.0442514
0.73787,0.372991,0.0620427,0.0371924,0.0759823
0.738967,0.374409,0.036319,0.0137867,0.0415698
0.740483,0.376324,0.0311596,0.0114089,0.0356344
0.741876,0.378029,0.0541673,0.0334558,0.0676269
0.743578,0.3802,0.0342716,0.0141187,0.0400272
0.745019,0.381979,0.057105,0.0361293,0.072194
0.746345,0.383622,0.0798478,0.0581205,0.104451
0.747815,0.385554,0.0381471,0.0154624,0.0447661
0.74918,0.38726,0.060719,0.037416,0.0771944
0.750553,0.388982,0.0832048,0.05935,0.109709
0.75192,0.390704,0.105603,0.0812637,0.142311
0.752683,0.391802,0.0414883,0.0155794,0.0485995
0.75418,0.393789,0.0326001,0.0110007,0.0377877
0.75554,0.395524,0.0547386,0.0328524,0.0706495
0.757265,0.397732,0.0767897,0.0546823,0.103599
0.758352,0.39924,0.0378199,0.0148905,0.0452036
0.760027,0.401484,0.0312206,0.0113001,0.0369589
0.761336,0.40318,0.0530112,0.0330636,0.0701685
0.762292,0.404506,0.0337394,0.0138193,0.0409872
0.763431,0.405995,0.0553481,0.0355342,0.0743786
0.764765,0.407745,0.0768839,0.0572292,0.107843
0.766525,0.410172,0.0373945,0.0151838,0.0456809
0.768009,0.412218,0.0308615,0.0113598,0.0372023
0.769334,0.413978,0.0521408,0.0329827,0.0709232
0.770195,0.415214,0.0333556,0.0137817,0.0412827
0.77151,0.416976,0.0544645,0.0353548,0.075174
0.773208,0.419363,0.0337473,0.0139143,0.0419786
0.774518,0.421131,0.0546863,0.0354363,0.0760398
0.775317,0.422313,0.0337899,0.0138331,0.0422077
0.776617,0.424083,0.054559,0.0353026,0.0764388
0.777949,0.426009,0.033745,0.0137599,0.0423557
0.779246,0.427789,0.0543457,0.0351759,0.0767551
0.780285,0.429325,0.0336674,0.0137042,0.0424805
0.781403,0.430957,0.0293052,0.0113134,0.0367315
0.782687,0.432742,0.0496535,0.0326465,0.0713833
0.783968,0.43453,0.0699182,0.0539512,0.106119
0.785551,0.436873,0.0357045,0.015082,0.0458976
0.787167,0.439245,0.0298406,0.0113322,0.0376392
0.788464,0.441078,0.0498539,0.0325499,0.0726261
0.789467,0.442603,0.03238,0.0136335,0.0419995
0.790731,0.444406,0.0522265,0.0347917,0.0771532
0.791703,0.445901,0.0328498,0.0137046,0.0427509
0.793124,0.44803,0.028746,0.0112845,0.0370272
0.794378,0.449841,0.0483437,0.032351,0.0724297
0.795236,0.451178,0.0317679,0.0137026,0.0420491
0.796836,0.453592,0.0282026,0.0114056,0.0368837
0.798079,0.455408,0.0475531,0.0323777,0.0725334
0.799318,0.457227,0.0668213,0.0533176,0.108265
0.800105,0.458509,0.034745,0.0149905,0.0464732
0.801338,0.460333,0.0538491,0.0358651,0.0823693
0.802568,0.462162,0.0728698,0.056706,0.118349
0.804006,0.464455,0.0362175,0.0144778,0.04791
0.805309,0.466515,0.0298041,0.0107862,0.0386703
0.806527,0.468348,0.0485809,0.0315262,0.0748937
0.80738,0.469746,0.0318825,0.0131448,0.042936
0.808721,0.471874,0.0281023,0.0110152,0.0374917
0.809925,0.47371,0.0466357,0.0316512,0.0739585
0.811059,0.475553,0.0310542,0.0134249,0.042723
0.812657,0.47801,0.0494265,0.03399,0.0793511
0.813492,0.479421,0.0317126,0.0134228,0.0436301
0.814683,0.481269,0.0499239,0.0339158,0.080419
0.8157,0.482978,0.0319051,0.0132549,0.0439071
0.816879,0.484822,0.0499559,0.0336744,0.0808564
0.818146,0.486947,0.0319377,0.0131294,0.0440714
0.819322,0.488803,0.0498295,0.0334746,0.0811798
0.819991,0.489987,0.0319016,0.0130406,0.044201
0.821161,0.491849,0.0496347,0.0333101,0.0814681
0.822108,0.493489,0.0318326,0.0129716,0.0443158
0.823271,0.495356,0.0494079,0.0331643,0.0817407
0.824678,0.497757,0.0317478,0.0129124,0.0444233
0.825834,0.49963,0.0491656,0.0330269,0.0820057
0.827155,0.501911,0.0316552,0.0128574,0.0445271
0.828301,0.503784,0.0489165,0.0328927,0.082266
0.829298,0.50555,0.0315592,0.0128044,0.0446287
0.83056,0.507736,0.0275673,0.0105686,0.0384909
0.831694,0.509614,0.0445946,0.0304826,0.0764637
0.832736,0.511462,0.0301979,0.0128928,0.0437598
0.833937,0.513468,0.0470701,0.0327244,0.0818878
0.834988,0.515233,0.0638602,0.0525117,0.120098
0.83611,0.517124,0.0805766,0.0722589,0.158382
0.836743,0.518373,0.0363604,0.0145019,0.0520547
0.837873,0.520409,0.0292376,0.0101723,0.040423
0.83898,0.5223,0.0457241,0.0297924,0.0789367
0.840235,0.524574,0.0306916,0.0123241,0.044519
0.841347,0.52649,0.0470261,0.0318581,0.0831846
0.842133,0.527968,0.030855,0.0124971,0.0451274
0.843392,0.530254,0.0270258,0.0103216,0.0389515
0.844484,0.532161,0.043133,0.0297239,0.0778445
0.845482,0.534018,0.0295764,0.0125747,0.0443459
0.846802,0.536439,0.0263581,0.010469,0.0387866
0.847785,0.538179,0.0422329,0.0297329,0.0779119
0.848904,0.540283,0.0291582,0.0126278,0.0443936
0.849985,0.542214,0.0449114,0.0318178,0.0836406
0.850832,0.543849,0.029925,0.0125782,0.045304
0.851903,0.545772,0.0455766,0.0317056,0.0846526
0.853034,0.547811,0.0611901,0.0508093,0.124039
0.853608,0.549009,0.0331802,0.0134374,0.0498579
0.854811,0.551312,0.0277463,0.0100269,0.0402787
0.855872,0.553236,0.0432556,0.0290654,0.0797696
0.856376,0.554277,0.0296611,0.0121477,0.0449532
0.857638,0.556692,0.0263216,0.0101697,0.0391633
0.858695,0.558615,0.041779,0.0291755,0.078706
0.859853,0.560878,0.0290116,0.0123891,0.0447091
0.860912,0.562808,0.0444455,0.03138,0.0842754
0.861969,0.564735,0.0598695,0.0503645,0.123852
0.863033,0.566674,0.0752839,0.0693429,0.163437
0.863359,0.567525,0.035286,0.0139523,0.0530341
0.864412,0.569446,0.050684,0.0329203,0.0926363
0.865299,0.571295,0.0320212,0.0117286,0.0469791
0.866356,0.573226,0.0474062,0.0306883,0.0865943
0.867887,0.576273,0.0310831,0.0117763,0.0461294
0.869034,0.578368,0.0464577,0.0307293,0.0857551
0.869639,0.579692,0.0306976,0.0119255,0.0459544
0.870722,0.581846,0.0268033,0.0099185,0.0395004
0.871776,0.583773,0.0421679,0.0288651,0.0791361
0.872707,0.585673,0.0292187,0.0122143,0.0448647
0.873945,0.587937,0.0445797,0.0311585,0.084504
0.874997,0.590088,0.0298602,0.0123055,0.0456296
0.876056,0.592026,0.0452189,0.0312484,0.0852711
0.877128,0.594219,0.0301105,0.0122198,0.0457741
0.878184,0.596151,0.0454682,0.031162,0.0854167
0.878607,0.59713,0.0302268,0.0121616,0.045818
0.879646,0.599203,0.0265497,0.0100477,0.0394313
0.88073,0.601185,0.0419077,0.0289901,0.0790735
0.88152,0.602825,0.0290868,0.012281,0.0448307
0.882578,0.604758,0.0444461,0.0312242,0.0844716
0.883565,0.60678,0.0297943,0.0123399,0.0456116
0.884786,0.609193,0.0263235,0.0101617,0.0393472
0.885841,0.611122,0.0416855,0.0291067,0.0789854
0.886805,0.613086,0.0289729,0.0123449,0.0447914
0.887862,0.615019,0.0443375,0.0312916,0.084427
0.888916,0.616945,0.0597034,0.0502391,0.124061
0.889874,0.618975,0.0327423,0.0134169,0.0499284
0.89093,0.620903,0.0481109,0.0323661,0.08956
0.891983,0.622827,0.0634809,0.0513162,0.12919
0.892555,0.62417,0.0339597,0.0130019,0.0506067
0.893611,0.626099,0.0493326,0.0319539,0.090234
0.894514,0.628009,0.0316465,0.0117294,0.0466581
0.895753,0.630474,0.0272647,0.00973109,0.0397155
0.896792,0.63237,0.0426426,0.0286863,0.0793378
0.897617,0.63408,0.0294526,0.0121041,0.044934
0.898852,0.636511,0.0262052,0.0101544,0.0391899
0.899914,0.638451,0.0415883,0.0291129,0.078807
0.90082,0.640296,0.0289334,0.0123721,0.0447482
0.902021,0.642654,0.0259217,0.0103091,0.0390962
0.903076,0.64458,0.0413101,0.029271,0.078708
0.903923,0.646307,0.0287873,0.0124557,0.0446992
0.905139,0.648688,0.0258412,0.0103566,0.0390682
0.906199,0.650622,0.0412349,0.0293218,0.0786746
0.907299,0.652821,0.0287469,0.012482,0.0446825
0.908357,0.654751,0.0441444,0.0314497,0.0842852
0.909184,0.656459,0.0296364,0.0124543,0.0455301
0.910242,0.658388,0.0450375,0.0314243,0.0851292
0.910766,0.659535,0.0300138,0.0123046,0.0457098
0.911831,0.661476,0.0454188,0.0312771,0.085305
0.913229,0.664253,0.0301953,0.0122145,0.0457694
0.914289,0.666185,0.045604,0.0311893,0.0853609
0.915399,0.668435,0.0302858,0.0121685,0.0457945
0.916456,0.670361,0.0456983,0.0311457,0.0853822
0.917327,0.672163,0.0303318,0.0121462,0.0458053
0.918388,0.674095,0.045748,0.0311258,0.0853893
0.919017,0.675441,0.0303557,0.0121359,0.0458095
0.920173,0.677714,0.0266315,0.0100412,0.0394143
0.921232,0.679644,0.0420534,0.0290244,0.0789926
0.922291,0.681571,0.0574772,0.0480089,0.118569
0.923254,0.683567,0.0322588,0.0134305,0.0493472
0.924313,0.685495,0.0476861,0.0324172,0.08892
0.925208,0.687351,0.0309357,0.0120972,0.0463206
0.926267,0.689278,0.046367,0.0310864,0.0858895
0.926913,0.690657,0.0306153,0.0120367,0.0459161
0.92787,0.692398,0.0460508,0.0310286,0.0854808
0.929041,0.694748,0.0304969,0.0120765,0.045841
0.930101,0.696676,0.0459359,0.0310706,0.0854022
0.930873,0.698283,0.0304442,0.012105,0.0458177
0.932243,0.700951,0.0266836,0.0100271,0.0394143
0.933299,0.702871,0.0421287,0.0290251,0.0789694
0.934246,0.704777,0.0291895,0.0122915,0.0447884
0.935307,0.706707,0.0446386,0.0312919,0.0843396
0.936367,0.708634,0.0600878,0.0502923,0.123891
0.937336,0.710643,0.032877,0.0134134,0.049892
0.938469,0.712704,0.0483303,0.0324165,0.089439
0.939085,0.714036,0.0311947,0.0120086,0.0464209
0.940143,0.715958,0.046652,0.0310143,0.0859638
0.941062,0.717837,0.0307449,0.011989,0.045939
0.942281,0.72022,0.0268437,0.0099572,0.039459
0.943296,0.722064,0.0423068,0.0289666,0.0789961
0.944107,0.723711,0.0292779,0.0122575,0.0448011
0.94512,0.725552,0.0447449,0.0312694,0.0843343
0.946254,0.727808,0.0299264,0.0123504,0.0455606
0.94727,0.729653,0.0453971,0.0313646,0.08509
0.948072,0.731303,0.0301812,0.0122662,0.045702
0.949035,0.73305,0.0456558,0.0312829,0.0852275
0.950148,0.735278,0.030301,0.0122095,0.045743
0.951331,0.73759,0.0266126,0.0100882,0.039368
0.952248,0.739254,0.0420929,0.0291085,0.0788878
0.953011,0.740808,0.0291659,0.0123315,0.0447514
0.954106,0.742942,0.0260669,0.0102945,0.0390741
0.954857,0.744304,0.0415533,0.0293187,0.0785878
0.955776,0.745971,0.0570412,0.0483438,0.1181
0.95622,0.746965,0.0320346,0.0135997,0.0492092
0.957363,0.749198,0.027202,0.0102103,0.0400923
0.958232,0.750772,0.0426957,0.029239,0.0795988
0.95893,0.752196,0.0294029,0.0122664,0.0448821
0.959729,0.753644,0.0449004,0.0312975,0.0843847
0.960472,0.755155,0.0299904,0.012345,0.0455624
0.961586,0.757316,0.0264554,0.0101789,0.0392915
0.962461,0.758901,0.0419377,0.0292005,0.0788093
0.963346,0.760661,0.0290779,0.0123768,0.0447252
0.964213,0.762238,0.044518,0.0313717,0.0842851
0.965173,0.764146,0.0298036,0.0123977,0.0455451
0.966039,0.765725,0.0451969,0.0313627,0.085152
0.966615,0.766924,0.0300746,0.0122612,0.0457395
0.967479,0.768508,0.0453749,0.0311666,0.0854393
0.968352,0.770263,0.0301649,0.0121539,0.0458448
0.969211,0.771846,0.0453682,0.0309962,0.0856417
0.969901,0.773258,0.0301743,0.012076,0.0459283
0.970757,0.774849,0.0452704,0.030848,0.0858324
0.971537,0.776431,0.0301417,0.0120126,0.0460065
0.972387,0.778021,0.0451242,0.030709,0.0860242
0.972998,0.779285,0.030087,0.0119551,0.0460839
0.973842,0.780878,0.0449494,0.0305706,0.0862216
0.974682,0.782467,0.0597508,0.0491446,0.12642
0.975466,0.784091,0.0329149,0.0129178,0.0505115
0.976678,0.786504,0.0274629,0.00965854,0.0407611
0.977511,0.7881,0.0420774,0.0281033,0.0811467
0.978339,0.789696,0.0566282,0.0465034,0.121596
0.979005,0.7911,0.0321461,0.0128195,0.0501314
0.97995,0.79302,0.0270601,0.00965338,0.0407492
0.980772,0.794623,0.0414167,0.0279152,0.0813928
0.981592,0.79623,0.0557002,0.0461242,0.122109
0.98237,0.797867,0.0318452,0.0127453,0.0502773
0.983182,0.799474,0.0459993,0.0308597,0.0911234
0.983712,0.800615,0.0303099,0.0114655,0.0471708
0.984518,0.802224,0.0443317,0.0294816,0.0881492
0.985571,0.804418,0.0298125,0.0113819,0.046826
0.986371,0.806032,0.0436968,0.0292943,0.0879419
0.987136,0.807658,0.0295592,0.0113741,0.0468314
0.987906,0.809282,0.0258741,0.00939814,0.0402911
0.98878,0.811119,0.0243453,0.00935232,0.0388262
0.98955,0.812701,0.0379609,0.0270574,0.0802107
0.990413,0.814544,0.0273676,0.0116693,0.0456763
0.991196,0.816167,0.040851,0.0292699,0.087193
0.991973,0.817788,0.0542641,0.0468142,0.12878
0.992788,0.819573,0.0311821,0.0125353,0.0512255
0.993566,0.821269,0.0263396,0.00929982,0.0413822
0.994345,0.822916,0.0395541,0.0266828,0.0831678
0.994962,0.824289,0.0280747,0.0111465,0.0463909
0.995723,0.825916,0.0411564,0.0284195,0.0883093
0.99648,0.827541,0.0541722,0.0456373,0.130294
0.997086,0.828923,0.031328,0.0121122,0.0516239
0.997916,0.830773,0.0263524,0.00902146,0.0416467
0.998666,0.832408,0.0391692,0.0260699,0.08383
0.999223,0.833676,0.0279347,0.0108795,0.0466705
1.00015,0.835754,0.024848,0.009078,0.0406324
1.00089,0.837392,0.0374694,0.0259562,0.0830111
1.00169,0.839164,0.0500261,0.0427771,0.125455
1.0021,0.840125,0.0300853,0.0119842,0.0513128
1.00302,0.84223,0.0256612,0.00896548,0.0417149
1.00375,0.843875,0.0380248,0.0256129,0.0843514
1.00432,0.845215,0.0274216,0.0107167,0.0469055
1.00505,0.846866,0.0396578,0.0272474,0.0896694
1.00596,0.848995,0.0278979,0.0107195,0.0476765
1.00668,0.850654,0.0400074,0.0271322,0.0905671
1.00731,0.852146,0.0280509,0.0105799,0.0478717
1.00802,0.853799,0.0400345,0.0268737,0.0908881
1.00869,0.855391,0.0280818,0.0104599,0.0479815
1.00939,0.857049,0.0399407,0.026634,0.0911227
1.01018,0.858955,0.0280568,0.0103602,0.0480726
1.01088,0.860617,0.0397917,0.0264135,0.0913378
1.01154,0.862226,0.0280046,0.0102714,0.048157
1.01223,0.863888,0.0396166,0.026203,0.0915452
1.01295,0.865653,0.0279395,0.010188,0.048238
1.01363,0.867316,0.0394293,0.0259968,0.0917484
1.01411,0.868512,0.0278681,0.0101068,0.0483173
1.01478,0.870178,0.0392368,0.025792,0.0919487
1.01562,0.872261,0.027794,0.0100265,0.0483953
1.01629,0.873933,0.0390428,0.0255874,0.0921467
1.01676,0.875124,0.027719,0.00994641,0.0484723
1.01755,0.877141,0.0244012,0.00818832,0.0416588
1.01822,0.878817,0.0354715,0.0235608,0.0855886
1.01881,0.880355,0.0263419,0.00995186,0.0476166
1.01947,0.882034,0.0372948,0.0251977,0.0916639
1.01986,0.883054,0.0269462,0.00992865,0.0484807
1.02069,0.885211,0.0239327,0.00813406,0.0417496
1.02133,0.886895,0.0347109,0.0231881,0.0859716
1.02197,0.888566,0.0454312,0.0381777,0.130251
1.02241,0.889746,0.0288074,0.010678,0.0526341
1.02316,0.89174,0.0246984,0.00797787,0.0426967
1.0238,0.893428,0.0352472,0.0227733,0.087148
1.02429,0.89476,0.026261,0.00952207,0.048075
1.02491,0.896447,0.036697,0.0241871,0.0926392
1.02574,0.898681,0.0267343,0.00950931,0.0488445
1.02636,0.900373,0.037058,0.0240428,0.0935209
1.02693,0.901941,0.0269017,0.00936905,0.0490231
1.02754,0.903633,0.0371142,0.0237701,0.0938106
1.02821,0.905475,0.0472717,0.0381047,0.138653
1.02869,0.906813,0.0295922,0.0100157,0.0537266
1.02929,0.908511,0.0396404,0.024217,0.0986786
1.03001,0.910539,0.0279923,0.0089168,0.0498595
1.03071,0.912513,0.0243052,0.00731807,0.0424503
1.03131,0.91422,0.0341911,0.0213177,0.0875645
1.03171,0.915387,0.0258465,0.00897314,0.0484284
1.0323,0.917091,0.0356256,0.0228373,0.0936494
1.03298,0.919078,0.0453517,0.0366334,0.138924
1.0333,0.920018,0.0289727,0.00972234,0.0539289
1.03388,0.921723,0.0385935,0.0233817,0.0993083
1.03452,0.923613,0.0275752,0.00862451,0.0501038
1.0352,0.925631,0.0240063,0.00706236,0.0426601
1.03577,0.927341,0.0334713,0.0205154,0.0881952
1.03623,0.928721,0.0255363,0.00863625,0.0486935
1.03677,0.930387,0.0348972,0.0219486,0.0943327
1.03719,0.931666,0.0260277,0.00863305,0.049531
1.03775,0.933374,0.0352886,0.0218081,0.0952702
1.0383,0.935089,0.0444994,0.0349133,0.14106
1.03885,0.936805,0.0536602,0.0479486,0.186899
1.0395,0.938807,0.031111,0.00952085,0.0576847
1.04004,0.940525,0.0401726,0.0224155,0.103623
1.04058,0.942241,0.049185,0.0352394,0.149611
1.04115,0.94404,0.0306906,0.00858516,0.0552872
1.04164,0.945601,0.0253513,0.00640795,0.0439621
1.04231,0.94776,0.0229035,0.00638398,0.0416604
1.04283,0.949478,0.0317217,0.0189232,0.0878424
1.04323,0.950796,0.0247747,0.00809814,0.048916
1.04375,0.952522,0.0334977,0.0204944,0.0951932
1.04417,0.953918,0.0254442,0.00808266,0.0499109
1.04479,0.95598,0.0227177,0.00660783,0.0429323
1.0453,0.957716,0.0312998,0.0187881,0.0893503
1.04576,0.95928,0.0245466,0.00793855,0.0492085
1.04646,0.961651,0.0222204,0.00656771,0.0428317
1.04695,0.963368,0.0306637,0.0185296,0.0893886
1.04758,0.965556,0.0390617,0.0304189,0.135991
1.04807,0.967263,0.0269395,0.00852843,0.0542622
1.04856,0.968997,0.0352471,0.0202714,0.100955
1.04897,0.970423,0.0262346,0.00754752,0.0508308
1.04945,0.972152,0.0344782,0.0191851,0.0975874
1.04993,0.97389,0.042691,0.0307717,0.144375
1.05028,0.975129,0.0285006,0.00803425,0.0551471
1.05075,0.976861,0.0366545,0.0195221,0.101993
1.0511,0.978109,0.0269311,0.00718471,0.051062
1.05163,0.980032,0.0234159,0.00592159,0.0434128
1.05219,0.982082,0.021692,0.00593577,0.0418155
1.05266,0.983818,0.0297921,0.0173327,0.0887154
1.05304,0.985203,0.023889,0.0074723,0.0493237
1.05343,0.986647,0.031971,0.0188384,0.0962417
1.05391,0.988424,0.0248094,0.00746732,0.0503114
1.05454,0.990763,0.0222814,0.0061265,0.0432407
1.05498,0.992403,0.0303468,0.0174642,0.0901754
1.05536,0.99381,0.0241484,0.00740746,0.04954
1.0559,0.995838,0.0219335,0.00616378,0.0430813
1.05636,0.997562,0.0299898,0.0174857,0.0900251
1.05673,0.998956,0.0239678,0.00743856,0.0495155
1.05731,1.00112,0.0218326,0.006182,0.0430747
1.05773,1.00267,0.0298842,0.017496,0.0900232
1.0582,1.00446,0.0239137,0.00744681,0.0495144
1.05862,1.006,0.0319639,0.0187582,0.0964644
1.05903,1.00754,0.0400137,0.0300691,0.143415
1.05942,1.00899,0.0480632,0.0413794,0.190365
1.05988,1.01074,0.0297502,0.00834384,0.0584454
1.06032,1.01238,0.0377994,0.0196537,0.105396
1.06048,1.01301,0.0274213,0.00700696,0.0515212
1.06087,1.01445,0.0354711,0.0183177,0.0984715
1.06128,1.01603,0.0265003,0.00703196,0.0506845
1.06174,1.01777,0.0231902,0.00586679,0.043365
1.06209,1.01907,0.0312416,0.0171806,0.0903136
1.06246,1.02043,0.039294,0.0284959,0.137261
1.06272,1.02144,0.0272591,0.00794737,0.0545791
1.06311,1.02292,0.0234971,0.00599686,0.0441067
1.06348,1.02427,0.0315526,0.0173174,0.0910513
1.06384,1.02562,0.0396091,0.0286399,0.137995
1.0642,1.02698,0.027385,0.00793669,0.0546461
1.06456,1.02834,0.035444,0.0192633,0.101587
1.06479,1.02921,0.0264027,0.00717488,0.0510341
1.06516,1.03057,0.0344642,0.018506,0.0979726
1.06551,1.03191,0.0260227,0.00716133,0.050594
1.06589,1.03337,0.0229386,0.00594539,0.0433302
1.06626,1.03473,0.0310045,0.017284,0.0902644
1.06662,1.03607,0.039072,0.0286251,0.137197
1.06692,1.03723,0.0271476,0.00799726,0.0545594
1.06734,1.03882,0.0234407,0.00602756,0.044094
1.0677,1.04013,0.0315118,0.0173749,0.0910231
1.06806,1.04149,0.0395844,0.0287249,0.137951
1.06828,1.04232,0.0273661,0.00796386,0.0546328
1.06872,1.044,0.0235557,0.00600615,0.0441103
1.06909,1.04536,0.031633,0.0173643,0.091033
1.06948,1.04682,0.0247925,0.00727611,0.0496771
1.06984,1.04818,0.0328732,0.01864,0.0965964
1.07021,1.04956,0.0252651,0.00734817,0.05038
1.07057,1.05091,0.0333491,0.0187178,0.097296
1.07094,1.05226,0.0414348,0.0300901,0.14421
1.0711,1.0529,0.0280437,0.00794615,0.0551792
1.07163,1.0549,0.0239,0.00595362,0.0442208
1.072,1.05627,0.0319908,0.0173347,0.0911301
1.07237,1.05761,0.0400832,0.0287186,0.138038
1.07268,1.05879,0.0275868,0.00793398,0.0546429
1.07299,1.05996,0.0236749,0.00599545,0.0441092
1.07299,1.05996,0.0317723,0.0173881,0.0910117
1.07299,1.05996,0.0398704,0.0287817,0.137914
1.0737,1.06261,0.0274865,0.00796686,0.0546236
1.07395,1.06356,0.0236219,0.00601261,0.0441021
1.07395,1.06356,0.0317176,0.0174022,0.0910065
1.07406,1.064,0.0248313,0.00728813,0.0496677
1.07406,1.064,0.032922,0.0186692,0.096577
1.07411,1.06417,0.0252856,0.00735605,0.0503742
1.07411,1.06417,0.0333725,0.0187306,0.0972873
1.07411,1.06417,0.041458,0.0301029,0.144202
1.07416,1.06436,0.0280512,0.00794663,0.0551784
1.07416,1.06436,0.0361341,0.0193145,0.102095
1.07417,1.06441,0.0267137,0.00713885,0.0510976
1.07416,1.0644,0.0232986,0.00589419,0.0434354
1.07416,1.0644,0.0313805,0.0172601,0.0903536
1.07416,1.0644,0.0394623,0.0286262,0.137272
1.07416,1.06438,0.027321,0.00797446,0.0545678
1.07416,1.0644,0.0235338,0.00601782,0.0440941
1.07416,1.0644,0.0316169,0.0173858,0.091011
1.07415,1.06437,0.024783,0.00728575,0.0496711
1.07414,1.06433,0.0222885,0.00609718,0.043113
1.07414,1.06433,0.0303739,0.0174692,0.0900276
1.07413,1.06427,0.024166,0.00742326,0.049512
1.07413,1.06427,0.0322535,0.0187988,0.0964245
1.07412,1.06423,0.0249532,0.00743774,0.0503386
1.07412,1.06423,0.0330431,0.0188174,0.0972488
1.07412,1.06424,0.0253298,0.00736533,0.0504564
1.07412,1.06424,0.0334223,0.0187494,0.097364
1.07412,1.06424,0.0415161,0.0301357,0.14427
1.07412,1.06424,0.0496112,0.0415244,0.191175
1.07406,1.064,0.0303507,0.00825924,0.0585053
1.07406,1.064,0.0384474,0.0196506,0.105409
1.07406,1.06401,0.0277112,0.00698752,0.0515169
1.07406,1.06401,0.0358107,0.0183837,0.0984173
1.07405,1.06397,0.0266556,0.00705108,0.0506635
1.07405,1.06397,0.0347581,0.0184523,0.097561
1.07406,1.06404,0.0261692,0.00716038,0.0505343
1.07406,1.06404,0.0342747,0.0185668,0.0974287
1.07406,1.06404,0.0423818,0.0299757,0.144322
1.07407,1.06405,0.0284598,0.00786524,0.055202
1.07407,1.06405,0.0365699,0.0192794,0.102092
1.07407,1.06406,0.0269173,0.00711606,0.051096
1.07408,1.06409,0.023413,0.0058931,0.0434277
1.07408,1.06409,0.031528,0.0173154,0.0903128
1.07409,1.06412,0.0247521,0.00731068,0.0495662
1.0741,1.06416,0.0222801,0.00612974,0.0430777
1.0741,1.06416,0.0303999,0.0175603,0.0899579
1.07412,1.06423,0.0241753,0.00746445,0.0494866
1.07412,1.06423,0.0322983,0.0189006,0.0963635
1.07412,1.06423,0.0404231,0.0303395,0.143239
1.07413,1.06428,0.0275782,0.00810866,0.0550519
1.07412,1.06424,0.0236643,0.00605501,0.0441696
1.07412,1.06424,0.0317941,0.0175025,0.0910399
1.07411,1.06421,0.024865,0.00732564,0.0496565
1.07411,1.06421,0.0329982,0.0187788,0.0965234
1.07411,1.06422,0.0253182,0.007401,0.0503487
1.07411,1.06419,0.0225739,0.00611164,0.0432346
1.07411,1.06419,0.0307122,0.0175734,0.0900964
1.07409,1.06415,0.0243312,0.00745086,0.0495038
1.07409,1.06415,0.0324727,0.0189183,0.0963622
1.07409,1.06415,0.0250545,0.00748017,0.0503103
1.07409,1.06412,0.0224314,0.00615875,0.0432167
1.07409,1.06412,0.0305781,0.0176348,0.09007
1.07408,1.06411,0.0242601,0.00748099,0.0494922
1.07408,1.06411,0.0324102,0.0189627,0.0963422
1.07407,1.06408,0.0250211,0.0075001,0.0503018
1.07407,1.06405,0.0224146,0.00617221,0.0432105
1.07407,1.06405,0.0305697,0.0176623,0.0900555
1.07408,1.0641,0.0242545,0.00749325,0.0494859
1.07408,1.0641,0.0324129,0.018989,0.0963275
1.07407,1.06406,0.0250209,0.00751086,0.0502959
1.07407,1.06406,0.0331826,0.0190122,0.0971342
1.07407,1.06406,0.041346,0.0305163,0.143971
1.07409,1.06413,0.0279629,0.00807445,0.0551141
1.07409,1.06413,0.0361287,0.0195826,0.101948
1.07409,1.06412,0.0266978,0.00724417,0.0510411
1.07409,1.06412,0.0348666,0.0187575,0.0978723
1.0741,1.06416,0.0261997,0.00724841,0.0505412
1.0741,1.06418,0.0230535,0.00602551,0.0432795
1.0741,1.06418,0.0312273,0.0175473,0.0901056
1.0741,1.06418,0.0394029,0.0290718,0.13693
1.07412,1.06424,0.0272516,0.00811948,0.054485
1.07413,1.06427,0.0235132,0.00612194,0.0440371
1.07413,1.06427,0.0316938,0.0176549,0.0908566
1.07414,1.06433,0.0248093,0.00740128,0.0496057
1.07414,1.06433,0.0329932,0.0189398,0.0964218
1.07414,1.06433,0.0411787,0.0304811,0.143236
1.07413,1.06426,0.0278934,0.00810826,0.055039
1.07413,1.06426,0.0360805,0.0196521,0.101852
1.07413,1.06429,0.0266722,0.00727608,0.0510185
1.07413,1.06429,0.0348627,0.0188257,0.097828
1.07414,1.06429,0.0261945,0.00727631,0.0505254
1.07414,1.06429,0.0343882,0.0188314,0.0973316
1.07415,1.06434,0.0259749,0.00732502,0.0504527
1.07415,1.06435,0.0229386,0.00607961,0.0432462
1.07415,1.06435,0.0311374,0.0176431,0.0900474
1.07417,1.06442,0.0245423,0.00747013,0.0494799
1.07417,1.06442,0.0327443,0.019039,0.0962779
1.07417,1.06442,0.040948,0.0306105,0.143074
1.07416,1.06438,0.0277803,0.00816276,0.0550088
1.07416,1.06438,0.0359872,0.0197398,0.101802
1.07416,1.0644,0.0266243,0.00731304,0.0510007
1.07416,1.0644,0.0232757,0.0060287,0.0433618
1.07416,1.0644,0.0314876,0.0176141,0.0901498
1.07416,1.06438,0.0247181,0.00744163,0.0494965
1.07416,1.06438,0.0329339,0.0190334,0.0962807
1.07414,1.06431,0.0252738,0.00751405,0.0502769
1.07414,1.06432,0.0225647,0.00619926,0.0431846
1.07414,1.06432,0.0307851,0.0177986,0.0899642
1.07417,1.06441,0.024357,0.00754786,0.049448
1.07416,1.0644,0.0220809,0.00629483,0.0429985
1.07416,1.0644,0.0303062,0.0179023,0.0897733
1.07418,1.06444,0.0241101,0.00761711,0.049407
1.07418,1.06444,0.0323387,0.0192301,0.0961785
1.07418,1.06446,0.0249705,0.00761353,0.0502404
1.07418,1.06445,0.0224009,0.00625815,0.0431636
1.07418,1.06445,0.0306343,0.0178792,0.0899302
1.07418,1.06445,0.0242764,0.00758676,0.0494325
1.07418,1.06445,0.032513,0.0192132,0.0961958
1.07417,1.06442,0.0250572,0.00760042,0.0502436
1.07417,1.06442,0.0332973,0.0192325,0.0970035
1.07417,1.06442,0.0254302,0.00752774,0.0503597
1.07415,1.06435,0.0226522,0.00620544,0.0431941
1.07415,1.06435,0.0308972,0.0178456,0.0899491
1.07415,1.06434,0.0244112,0.00756448,0.049437
1.07415,1.06434,0.0326596,0.0192104,0.0961886
1.07415,1.06434,0.0409096,0.0308589,0.142939
1.07417,1.06441,0.0277382,0.00823789,0.0549703
1.07417,1.06441,0.0237679,0.00615551,0.0441066
1.07417,1.06441,0.0320229,0.0178121,0.0908516
1.07416,1.06438,0.0249641,0.00745418,0.049578
1.07416,1.06438,0.0332224,0.0191163,0.0963197
1.07417,1.06443,0.0254086,0.0075333,0.0502686
1.07417,1.06443,0.03367,0.0192006,0.0970072
1.07417,1.06443,0.0419331,0.0308707,0.143744
1.07416,1.06439,0.0281807,0.00815058,0.0550563
1.07416,1.0644,0.0239995,0.00610737,0.0441285
1.07416,1.0644,0.0322674,0.0177853,0.0908607
1.07419,1.06448,0.0250864,0.00743636,0.04958
1.07419,1.06448,0.0333575,0.0191197,0.0963089
1.07419,1.0645,0.0254741,0.00753112,0.0502649
1.07419,1.0645,0.0226838,0.00622409,0.043164
1.07419,1.06448,0.0213224,0.00618777,0.0416756
1.07419,1.06448,0.0296,0.0178818,0.088398
1.07419,1.06448,0.0378792,0.0295784,0.135119
1.07417,1.06442,0.0265119,0.00843215,0.0542281
1.07417,1.06442,0.0347943,0.020134,0.100946
1.07419,1.0645,0.0260488,0.00754513,0.0508329
1.07419,1.0645,0.0343346,0.0192525,0.0975471
1.07419,1.0645,0.0426222,0.030963,0.14426
1.07418,1.06446,0.0284661,0.00811617,0.055103
1.07418,1.06446,0.0367567,0.0198315,0.101812
1.07418,1.06446,0.0450489,0.0315495,0.14852
1.07415,1.06434,0.0294231,0.00795152,0.0554963
1.07415,1.06434,0.0377185,0.0196748,0.102201
1.07413,1.06429,0.0274152,0.0072135,0.0510511
1.07414,1.0643,0.0237092,0.00599858,0.0433556
1.07415,1.06433,0.0219032,0.00605706,0.0417337
1.07415,1.06433,0.0302052,0.0177911,0.0884317
1.07415,1.06434,0.0240832,0.00767484,0.0491969
1.07413,1.06429,0.0219477,0.0064074,0.0429068
1.07413,1.06429,0.0302543,0.0181489,0.0896002
1.07412,1.06423,0.0240711,0.00772974,0.0493421
1.07411,1.06422,0.0219375,0.00642412,0.0429323
1.07411,1.06422,0.0302489,0.0181735,0.0896209
1.07412,1.06424,0.0240666,0.00773819,0.049342
1.07412,1.06424,0.0323812,0.0194927,0.0960274
1.0741,1.06417,0.0249758,0.00772076,0.0501799
1.0741,1.06417,0.0332936,0.0194806,0.0968621
1.07409,1.06414,0.0254141,0.00762913,0.0503038
1.07409,1.06414,0.0337352,0.0193943,0.0969827
1.0741,1.06416,0.0256319,0.00757501,0.0503297
1.0741,1.06416,0.0339563,0.0193456,0.0970053
1.07409,1.06416,0.0257411,0.0075486,0.0503374
1.07409,1.06416,0.0340686,0.0193242,0.0970099
1.07406,1.06405,0.0257962,0.00753694,0.0503398
1.07406,1.06405,0.034127,0.019318,0.097009
1.07406,1.06402,0.0258246,0.00753289,0.0503399
1.07406,1.06402,0.0341586,0.019319,0.0970059
1.07404,1.06396,0.0258397,0.00753252,0.0503389
1.07402,1.06391,0.0228914,0.00623474,0.0431615
1.07402,1.06391,0.0312304,0.0180291,0.0898225
1.07402,1.06392,0.0245703,0.00763682,0.0493842
1.07402,1.06392,0.0329124,0.0194361,0.0960421
1.07399,1.06379,0.0252403,0.00768114,0.0501842
1.07398,1.06377,0.0225692,0.0063282,0.0431116
1.07398,1.06377,0.030916,0.0181352,0.0897648
1.07397,1.06372,0.0244063,0.00769229,0.049363
1.07397,1.06374,0.0221312,0.00641258,0.0429285
1.07397,1.06374,0.0304827,0.0182273,0.0895769
1.07398,1.06377,0.0241834,0.00775581,0.0493233
1.07398,1.06377,0.0325382,0.0195757,0.0959686
1.07398,1.06377,0.0408947,0.0313985,0.142612
1.07402,1.06389,0.0276756,0.00839968,0.0548822
1.07402,1.06389,0.0360353,0.0202275,0.101523
1.07402,1.06389,0.0443965,0.0320579,0.148161
1.07405,1.06399,0.029105,0.00812895,0.0554118
1.07405,1.06399,0.0374694,0.0199645,0.102047
1.07407,1.06408,0.0272872,0.00733073,0.050994
1.07408,1.0641,0.0236549,0.00608141,0.0433129
1.07407,1.06408,0.0218887,0.00612923,0.041694
1.07407,1.06408,0.0302594,0.017975,0.0883233
1.07406,1.06404,0.0241018,0.00775556,0.0491497
1.07405,1.06399,0.0219705,0.00647274,0.042868
1.07405,1.06399,0.0303463,0.0183265,0.0894923
1.07405,1.06399,0.0387233,0.0301825,0.136115
1.07405,1.06399,0.0471019,0.0420409,0.182737
1.07401,1.06385,0.0292427,0.00884388,0.0577709
1.074,1.06385,0.0244921,0.00623367,0.0445908
1.074,1.06385,0.0328755,0.0180998,0.0912074
1.07401,1.06388,0.0253633,0.00751706,0.049584
1.07401,1.06388,0.0337499,0.0193883,0.0961975
1.07399,1.06382,0.0256483,0.00762605,0.0502059
1.07399,1.06382,0.0340381,0.0195024,0.0968161
1.07399,1.06379,0.0257727,0.00761653,0.0502852
1.07399,1.06379,0.0341656,0.019498,0.0968923
1.07398,1.06378,0.0258332,0.0076057,0.0502964
1.07398,1.06378,0.0342292,0.0194921,0.0969004
1.074,1.06385,0.025864,0.00760101,0.0502978
1.074,1.06385,0.0342631,0.0194924,0.0968987
1.07401,1.06386,0.0258801,0.00760015,0.0502971
1.07401,1.06386,0.0229252,0.0062905,0.043127
1.07401,1.06386,0.0313289,0.0181894,0.0897233
1.074,1.06384,0.024612,0.00770471,0.0493422
1.074,1.06384,0.0330189,0.0196086,0.0959353
1.074,1.06384,0.0414273,0.031515,0.142527
1.07403,1.06395,0.0278957,0.0084074,0.0548619
1.07403,1.06394,0.0238754,0.00628483,0.0440249
1.07403,1.06394,0.0322885,0.0181987,0.0906118
1.07403,1.06393,0.0250774,0.0076152,0.0494778
1.07403,1.06393,0.0334937,0.0195342,0.0960615
1.07405,1.064,0.0255168,0.00769753,0.050167
1.07405,1.064,0.0339362,0.0196215,0.0967476
1.07405,1.06399,0.025717,0.00766822,0.0502592
1.07405,1.06399,0.0341395,0.0195971,0.0968367
1.07406,1.06404,0.0258151,0.00764672,0.0502743
1.07406,1.06404,0.0342408,0.0195806,0.0968487
1.07406,1.06404,0.0258646,0.00763664,0.0502773
1.07406,1.06404,0.0342933,0.0195755,0.0968486
1.07404,1.06395,0.02589,0.00763314,0.0502774
1.07404,1.06395,0.034322,0.0195772,0.0968454
1.07403,1.06393,0.0259037,0.00763308,0.0502763
1.07403,1.06393,0.0343388,0.0195822,0.0968412
1.07402,1.06391,0.0259114,0.00763462,0.0502748
1.07402,1.06391,0.0343498,0.0195889,0.0968364
1.074,1.06383,0.0259163,0.00763707,0.050273
1.074,1.06383,0.0343579,0.0195964,0.0968314
1.074,1.06383,0.0427994,0.0315558,0.14339
1.07401,1.06386,0.0284816,0.00830531,0.0549527
1.07401,1.06386,0.0369266,0.0202702,0.101508
1.07401,1.06386,0.027027,0.007488,0.0508789
1.07401,1.06386,0.0354752,0.0194579,0.0974307
1.07399,1.0638,0.02645,0.00751448,0.0503716
1.07399,1.0638,0.0349014,0.0194895,0.0969202
1.07399,1.0638,0.0433544,0.031467,0.143467
1.074,1.06384,0.0287253,0.00825044,0.0549699
1.074,1.06383,0.024312,0.00620736,0.0440491
1.074,1.06383,0.0327696,0.0181922,0.0905915
1.07399,1.06382,0.0253151,0.00760073,0.0494685
1.074,1.06382,0.0226499,0.00638334,0.0429275
1.074,1.06382,0.0311122,0.0183756,0.0894652
1.07401,1.06386,0.0244954,0.00780409,0.0492733
1.07401,1.06386,0.0329608,0.0198013,0.0958079
1.07401,1.06386,0.0414278,0.0318011,0.142341
1.07401,1.06387,0.0278658,0.00849345,0.0548132
1.07403,1.06393,0.023869,0.00634479,0.0439906
1.07403,1.06393,0.0323406,0.0183519,0.0905189
1.07402,1.06392,0.0250958,0.00768031,0.0494388
1.07402,1.06392,0.0335706,0.0196925,0.0959639
1.07403,1.06392,0.025545,0.00776046,0.0501284
1.07403,1.06392,0.0340229,0.0197775,0.0966505
1.07404,1.06396,0.0257498,0.00772945,0.0502212
1.07404,1.06396,0.0342307,0.0197513,0.0967403
1.07404,1.06396,0.0427135,0.031776,0.143258
1.07409,1.06415,0.0284223,0.00837416,0.0549169
1.0741,1.06416,0.0241598,0.00627911,0.0440191
1.07409,1.06415,0.0221757,0.00620826,0.0418041
1.07409,1.06415,0.0306634,0.0182408,0.0883164
1.07412,1.06423,0.0242925,0.00785089,0.0491022
1.07412,1.06423,0.0327833,0.0198883,0.0956114
1.07412,1.06425,0.025152,0.007884,0.0500534
1.07412,1.06425,0.0336458,0.0199261,0.0965596
1.07412,1.06425,0.0421395,0.0319683,0.143066
1.07412,1.06425,0.0506352,0.0440134,0.18957
1.07413,1.06426,0.0304602,0.00878673,0.058193
1.07413,1.06426,0.038959,0.0208368,0.104694
1.07412,1.06423,0.0278745,0.00741529,0.0512627
1.07412,1.06422,0.0239794,0.00613596,0.0433245
1.07412,1.06422,0.0324829,0.0181934,0.089821
