x,y
-2.86848e-07,3.87209e-07
2.17153e-06,6.19704e-08
8.42213e-06,-1.7326e-07
1.76396e-05,-5.11891e-07
2.9709e-05,-8.96071e-07
4.45668e-05,-1.32377e-06
6.21457e-05,-1.79111e-06
8.06444e-05,-2.20316e-06
9.59948e-05,-2.64433e-06
0.000108027,-3.10704e-06
0.000116745,-3.58726e-06
0.000122148,-4.07883e-06
0.000124233,-4.57606e-06
0.000122998,-5.07418e-06
0.000118441,-5.56921e-06
0.00011056,-6.05788e-06
9.93542e-05,-6.53755e-06
8.56465e-05,-6.63986e-06
7.31105e-05,-6.03026e-06
6.38836e-05,-5.78491e-06
5.83167e-05,-5.63432e-06
5.60842e-05,-5.59885e-06
5.69714e-05,-5.63888e-06
6.08983e-05,-5.78229e-06
6.79375e-05,-5.90607e-06
7.7884e-05,-6.10537e-06
9.0146e-05,-5.96337e-06
0.000101434,-5.37685e-06
0.000109456,-5.00968e-06
0.000114162,-4.79406e-06
0.000115555,-4.69844e-06
0.000113631,-4.70408e-06
0.00010839,-4.81323e-06
0.000101321,-4.11549e-06
9.51212e-05,-2.51852e-06
9.17887e-05,-1.45368e-06
9.14714e-05,-6.25757e-07
9.42294e-05,-1.11239e-07
9.9507e-05,2.85917e-07
0.000105333,5.35985e-07
0.000109977,5.51996e-07
0.000112594,2.97021e-07
0.000113176,2.43138e-08
0.000112239,-2.50903e-07
0.000110736,-4.60116e-07
0.00010946,-5.2097e-07
0.000109328,4.22089e-08
0.000110282,5.35294e-07
0.000112097,7.51647e-07
0.000114346,6.27514e-07
0.000116626,2.25097e-07
0.000118443,-2.07132e-07
0.00011962,-5.06838e-07
0.000120329,-5.14331e-07
0.000120723,-2.68742e-07
0.000120999,3.22981e-08
0.000121453,2.26344e-07
0.000122227,2.54647e-07
0.00012332,1.56502e-07
0.000124657,1.32292e-09
0.000126073,-1.76259e-07
0.000127337,-2.80807e-07
0.000128462,-3.21334e-07
0.000129448,-2.89891e-07
0.000130376,-2.07018e-07
0.000131252,-1.18679e-07
0.000132023,-4.58828e-08
0.000132881,1.05894e-08
0.000133887,-3.44936e-08
0.000134956,-9.92896e-08
0.000136026,-1.53249e-07
0.000137094,-1.50949e-07
0.000138175,-8.98646e-08
0.000139227,-2.22647e-08
0.000140243,5.22993e-08
0.000141235,1.27864e-07
0.000142167,1.36512e-07
0.000143072,6.65367e-08
0.000144022,-7.09726e-08
0.000145056,-1.78138e-07
0.000146102,-2.23153e-07
0.000147131,-1.81642e-07
0.00014812,-1.44156e-07
0.000149163,-1.03924e-07
0.000150254,-6.08621e-08
0.000151218,-4.57376e-08
0.00015213,-9.56129e-08
0.000153116,-1.29332e-07
0.000154121,-1.23527e-07
0.00015511,-6.11381e-08
0.000156102,2.81557e-08
0.000157062,6.17814e-08
0.000158134,6.49536e-08
0.000159218,-4.21902e-08
0.000160217,-1.7308e-07
0.000161185,-2.53065e-07
0.000162167,-2.27882e-07
0.000163211,-1.81941e-07
0.000164132,-1.39431e-07
0.00016509,-5.81141e-08
0.000166079,2.80579e-08
0.000167154,7.93446e-08
0.000168153,4.10897e-09
0.000169128,-8.68532e-08
0.000170194,-1.45156e-07
0.000171236,-1.81269e-07
0.00017217,-2.11947e-07
0.000173158,-2.26827e-07
0.000174185,-1.47984e-07
0.000175201,-5.98554e-08
0.000176139,1.4607e-08
0.000177125,5.0358e-08
0.00017813,8.47101e-08
0.000179171,3.95874e-08
0.000180198,-7.1288e-08
0.000181163,-1.45078e-07
0.000182156,-2.02152e-07
0.000183223,-2.15211e-07
0.000184238,-1.45656e-07
0.000185199,-7.49008e-08
0.000186133,-1.59923e-08
0.000187151,4.63207e-08
0.000188198,-2.49751e-09
0.000189168,-1.09538e-07
0.000190143,-1.91129e-07
0.000191206,-2.21634e-07
0.000192229,-1.69123e-07
0.000193211,-8.23026e-08
0.000194154,-9.6778e-09
0.000195182,6.60328e-08
0.000196229,8.54748e-08
0.000197222,5.8884e-08
0.000198191,-4.31098e-08
0.000199162,-1.33123e-07
0.000200223,-1.9395e-07
0.000201258,-2.31818e-07
0.000202232,-2.02741e-07
0.000203207,-1.32247e-07
0.00020417,-2.32415e-08
0.000205204,5.23992e-08
0.000206227,1.20054e-07
0.000207209,1.04124e-07
0.000208172,1.48669e-08
0.000209173,-9.75162e-08
0.00021025,-1.78658e-07
0.000211264,-1.63146e-07
0.000212244,-1.20967e-07
0.000213194,-3.58446e-08
0.000214201,5.15153e-08
0.000215246,7.67582e-08
0.00021625,5.87115e-08
0.000217208,3.95745e-08
0.000218202,6.92038e-09
0.000219228,-5.62755e-08
0.00022028,-1.12371e-07
0.000221233,-1.4242e-07
0.000222204,-1.15868e-07
0.000223249,-8.91515e-08
0.000224308,-5.62064e-08
0.000225246,-2.75207e-08
0.000226211,3.90834e-09
0.000227241,1.14409e-08
0.000228252,2.46949e-08
0.0002292,3.55745e-09
0.000230175,-3.12387e-08
0.000231226,-8.99653e-08
0.000232299,-1.21676e-07
0.000233251,-1.47238e-07
0.000234229,-1.59745e-07
0.000235275,-1.31888e-07
0.000236301,-8.04974e-08
0.000237262,-6.65713e-08
0.000238222,-4.3787e-08
0.000239274,-1.56682e-08
0.000240255,6.99799e-10
0.000388858,1.94134e-08
0.000558771,3.27117e-10
0.00087719,3.18886e-08
0.00121705,1.56214e-07
0.00170531,3.51831e-07
0.00221503,5.72309e-07
0.00287312,8.63109e-07
0.00355311,1.09718e-06
0.00423363,1.27496e-06
0.00506209,1.49589e-06
0.00591193,1.69775e-06
0.0067626,1.91097e-06
0.00776138,2.24721e-06
0.00878111,2.68928e-06
0.00994929,3.14266e-06
0.011139,3.51077e-06
0.0124772,3.94367e-06
0.0138371,4.31701e-06
0.0151977,4.72861e-06
0.0165585,5.15763e-06
0.0179196,5.60114e-06
0.0192806,6.05744e-06
0.0206416,6.54016e-06
0.0220025,7.00615e-06
0.0233634,7.47352e-06
0.0247244,7.98202e-06
0.0260855,8.47721e-06
0.0274464,8.97763e-06
0.0288074,9.4644e-06
0.0301685,9.95125e-06
0.0315295,1.04019e-05
0.0328906,1.08528e-05
0.0342515,1.12769e-05
0.0356125,1.17258e-05
0.0369736,1.21924e-05
0.0383345,1.26734e-05
0.0396955,1.31645e-05
0.0410565,1.37237e-05
0.0424175,1.42754e-05
0.0437785,1.48133e-05
0.0451395,1.53385e-05
0.0465005,1.58282e-05
0.0478618,1.58591e-05
0.0492239,1.59853e-05
0.0494009,1.57236e-05
0.0503598,1.40585e-05
0.0516899,9.96457e-06
0.0530545,4.1222e-06
0.0544232,-7.00729e-06
0.0557935,-2.076e-05
0.0571653,-4.01715e-05
0.0585363,-6.6892e-05
0.0599087,-9.97286e-05
0.0612881,-0.000139965
0.062669,-0.000191231
0.0640384,-0.00025495
0.0654211,-0.000327
0.0668058,-0.000413474
0.0681898,-0.000513541
0.069573,-0.000626846
0.0709553,-0.000753612
0.0723364,-0.000893981
0.0737163,-0.001048
0.0750944,-0.00121557
0.0764708,-0.00139673
0.0778451,-0.00159145
0.0792175,-0.00179984
0.0805877,-0.0020219
0.0819554,-0.00225749
0.0833206,-0.00250671
0.0846832,-0.00276968
0.086043,-0.0030464
0.0873998,-0.00333663
0.0887534,-0.0036404
0.0901038,-0.00395781
0.0914508,-0.00428869
0.0927941,-0.004633
0.0941338,-0.00499091
0.0956107,-0.00540221
0.0971046,-0.00583422
0.0985945,-0.0062817
0.100219,-0.00678812
0.101999,-0.00736308
0.103796,-0.00796349
0.105587,-0.00858272
0.107508,-0.00926976
0.109444,-0.00998371
0.111509,-0.0107701
0.113589,-0.0115858
0.115794,-0.0124781
0.118147,-0.0134578
0.120511,-0.0144707
0.122866,-0.0155085
0.125342,-0.0166307
0.127959,-0.0178498
0.130586,-0.0191057
0.1332,-0.020389
0.135801,-0.0216994
0.138518,-0.0231031
0.14124,-0.0245456
0.143949,-0.0260164
0.146642,-0.0275148
0.14932,-0.029041
0.151981,-0.0305946
0.154627,-0.0321753
0.157256,-0.0337829
0.159868,-0.0354173
0.162463,-0.0370787
0.165041,-0.0387665
0.167601,-0.0404804
0.170144,-0.0422202
0.172668,-0.0439862
0.175174,-0.0457777
0.177662,-0.0475946
0.180131,-0.0494366
0.18258,-0.051304
0.185011,-0.0531963
0.187422,-0.0551131
0.189813,-0.0570542
0.192184,-0.0590196
0.194535,-0.0610089
0.196866,-0.0630217
0.199177,-0.0650574
0.201467,-0.0671159
0.203736,-0.0691963
0.204925,-0.070305
0.206624,-0.0719254
0.208765,-0.0740068
0.21095,-0.0761756
0.213113,-0.0783648
0.215255,-0.0805724
0.217379,-0.0827968
0.219486,-0.0850378
0.221575,-0.0872947
0.223648,-0.0895666
0.225704,-0.0918529
0.227743,-0.0941535
0.229767,-0.0964679
0.231774,-0.098796
0.233766,-0.101137
0.235743,-0.10349
0.237704,-0.105856
0.23965,-0.108229
0.241584,-0.110614
0.243507,-0.113007
0.24542,-0.115407
0.247322,-0.117815
0.249215,-0.12023
0.2511,-0.122651
0.252975,-0.125079
0.254843,-0.127512
0.256702,-0.129952
0.258553,-0.132398
0.260397,-0.134849
0.262232,-0.137306
0.26406,-0.139769
0.265881,-0.142237
0.267694,-0.14471
0.2695,-0.147189
0.271299,-0.149672
0.27309,-0.152162
0.274874,-0.154655
0.276651,-0.157154
0.278422,-0.159656
0.280188,-0.162161
0.281948,-0.164669
0.283703,-0.167176
0.285458,-0.169684
0.28721,-0.172188
0.288965,-0.174691
0.290725,-0.177189
0.292496,-0.179679
0.294275,-0.182156
0.296074,-0.184625
0.297884,-0.187075
0.299713,-0.189509
0.301562,-0.191926
0.30344,-0.194334
0.305333,-0.196715
0.307264,-0.199086
0.30921,-0.20142
0.311185,-0.203723
0.31319,-0.205998
0.315226,-0.208245
0.317294,-0.210463
0.319415,-0.212671
0.321557,-0.214833
0.323724,-0.216946
0.325927,-0.219017
0.328168,-0.221046
0.330446,-0.223033
0.332778,-0.22499
0.33513,-0.226887
0.337549,-0.228752
0.339979,-0.230545
0.342444,-0.232275
0.344948,-0.233946
0.347488,-0.23556
0.350065,-0.237113
0.352675,-0.238607
0.355319,-0.240041
0.357993,-0.241413
0.360698,-0.242724
0.363432,-0.243971
0.366192,-0.245156
0.368978,-0.246278
0.371788,-0.247335
0.37462,-0.248328
0.377473,-0.249257
0.380346,-0.250121
0.383238,-0.25092
0.386146,-0.251653
0.389069,-0.252319
0.392006,-0.252919
0.394955,-0.253451
0.397915,-0.253917
0.400884,-0.254315
0.403862,-0.254646
0.406847,-0.254911
0.409839,-0.255111
0.412834,-0.255246
0.415832,-0.255318
0.418833,-0.255329
0.421833,-0.255278
0.424834,-0.255166
0.427895,-0.25499
0.430917,-0.254755
0.43393,-0.254454
0.436939,-0.254085
0.439945,-0.253654
0.442921,-0.253171
0.445936,-0.252636
0.449051,-0.252031
0.452173,-0.25138
0.455286,-0.250686
0.458533,-0.249912
0.461932,-0.249051
0.46534,-0.248135
0.468736,-0.24717
0.472259,-0.246113
0.475434,-0.245114
0.479051,-0.243919
0.482736,-0.242658
0.486545,-0.241309
0.490363,-0.239911
0.494302,-0.23842
0.498232,-0.23688
0.502274,-0.235236
0.506449,-0.233473
0.510621,-0.231645
0.514769,-0.229759
0.519022,-0.227752
0.523398,-0.225611
0.527765,-0.223398
0.532101,-0.22112
0.536532,-0.218711
0.540949,-0.216226
0.545455,-0.213604
0.549944,-0.210905
0.554518,-0.208064
0.559192,-0.205066
0.563844,-0.201986
0.568452,-0.198839
0.573133,-0.195544
0.577904,-0.192083
0.582646,-0.188538
0.587338,-0.184927
0.592093,-0.18116
0.596814,-0.177312
0.601593,-0.173306
0.606336,-0.169219
0.611025,-0.165066
0.615764,-0.160753
0.620464,-0.15636
0.625209,-0.151806
0.630016,-0.14707
0.63478,-0.142253
0.639482,-0.137375
0.644221,-0.132333
0.648913,-0.127212
0.653542,-0.122032
0.656701,-0.118409
0.660211,-0.114279
0.664393,-0.109228
0.668921,-0.103609
0.673503,-0.0977677
0.678024,-0.0918461
0.682558,-0.0857492
0.687032,-0.0795749
0.691367,-0.0734363
0.695764,-0.0670444
0.700097,-0.0605673
0.704426,-0.0539142
0.708686,-0.0471869
0.712865,-0.0404078
0.716973,-0.0335627
0.721064,-0.0265585
0.72509,-0.0194582
0.729084,-0.0122029
0.73306,-0.00474875
0.736956,0.00277671
0.740763,0.010349
0.744432,0.0178684
0.748109,0.0256504
0.751691,0.0335133
0.755221,0.041561
0.758655,0.0496769
0.761987,0.057837
0.765222,0.0660373
0.76831,0.0741533
0.771332,0.082406
0.774244,0.0907184
0.777,0.0989555
0.779666,0.107323
0.782166,0.115651
0.784544,0.1241
0.786768,0.132606
0.788813,0.141069
0.790709,0.149634
0.792423,0.158249
0.793961,0.166898
0.795307,0.175512
0.79647,0.184199
0.797425,0.19292
0.798178,0.201661
0.798729,0.210416
0.799081,0.219182
0.799234,0.227951
0.799186,0.236722
0.798936,0.245488
0.798485,0.254246
0.79783,0.26299
0.79697,0.271715
0.795903,0.280418
0.794627,0.289092
0.793141,0.297732
0.791444,0.306333
0.789533,0.314889
0.787407,0.323395
0.785066,0.331844
0.782511,0.340202
0.779709,0.348535
0.776656,0.356788
0.773356,0.364945
0.769817,0.373008
0.766059,0.380979
0.762119,0.388828
0.757989,0.396571
0.753662,0.404211
0.749049,0.41186
0.744317,0.419326
0.739361,0.426707
0.734102,0.434018
0.728488,0.441126
0.72309,0.448061
0.717429,0.454958
0.711702,0.461616
0.705885,0.468103
0.699785,0.474623
0.693654,0.480919
0.687493,0.487033
0.681244,0.493046
0.67492,0.498954
0.668522,0.504761
0.662017,0.510496
0.655387,0.51617
0.648661,0.521746
0.64186,0.527224
0.634949,0.532622
0.627956,0.537921
0.620958,0.543073
0.613782,0.548208
0.606524,0.55326
0.59923,0.558211
0.591903,0.563069
0.584536,0.567842
0.577132,0.572535
0.569692,0.57715
0.562218,0.581688
0.554711,0.586153
0.547173,0.590548
0.539605,0.594874
0.532009,0.599133
0.524386,0.603327
0.516735,0.607458
0.509057,0.611526
0.501354,0.615534
0.493624,0.619484
0.485869,0.623373
0.478095,0.627204
0.470296,0.63098
0.462461,0.634705
0.454602,0.638365
0.446707,0.641976
0.438777,0.645524
0.430826,0.649011
0.422865,0.652429
0.414861,0.655796
0.40682,0.6591
0.398759,0.662338
0.390681,0.665516
0.382596,0.66862
0.374465,0.671675
0.366293,0.674662
0.358063,0.67759
0.349832,0.680448
0.34157,0.683226
0.333294,0.68593
0.325005,0.688564
0.316703,0.691136
0.308311,0.693652
0.29994,0.696085
0.291544,0.698442
0.283136,0.700722
0.274717,0.702929
0.266149,0.705097
0.257709,0.707151
0.24897,0.709169
0.240128,0.711104
0.231347,0.712897
0.222604,0.714595
0.213917,0.716195
0.205223,0.717726
0.196539,0.719201
0.18787,0.720631
0.179163,0.722026
0.17045,0.723387
0.161719,0.724732
0.152996,0.726041
0.144242,0.727362
0.135487,0.728661
0.126783,0.729948
0.118024,0.731243
0.109271,0.732554
0.100489,0.733883
0.0917123,0.73523
0.0830569,0.736583
0.0743016,0.738001
0.0655391,0.739426
0.0567939,0.740904
0.0480239,0.742438
0.0392658,0.744024
0.0305265,0.745652
0.0218075,0.747331
0.0131224,0.749093
0.00444626,0.750885
-0.00411598,0.753086
-0.0127707,0.75498
-0.0214036,0.756978
-0.0300192,0.75905
-0.0386181,0.761194
-0.0471989,0.763413
-0.0557617,0.765704
-0.0643045,0.76807
-0.0728264,0.770511
-0.0813264,0.773027
-0.0898023,0.775621
-0.0980217,0.778212
-0.106405,0.780939
-0.114806,0.783749
-0.123184,0.786631
-0.131537,0.789585
-0.139864,0.792611
-0.148163,0.795711
-0.15642,0.798883
-0.164658,0.80213
-0.172873,0.805447
-0.181059,0.808834
-0.189217,0.812293
-0.197345,0.815825
-0.205441,0.81943
-0.213485,0.823094
-0.221515,0.82683
-0.229518,0.830631
-0.237489,0.834494
-0.245427,0.838427
-0.25333,0.842429
-0.261195,0.846506
-0.269022,0.850661
-0.276806,0.854896
-0.284544,0.859217
-0.292229,0.86363
-0.299859,0.868138
-0.307431,0.872747
-0.314941,0.87746
-0.322383,0.882281
-0.329756,0.887212
-0.337054,0.892253
-0.344248,0.897384
-0.351382,0.902628
-0.358453,0.907966
-0.365466,0.913402
-0.37247,0.918961
-0.379391,0.924628
-0.386049,0.93033
-0.393205,0.936616
-0.399942,0.942491
-0.406346,0.948798
-0.412671,0.955253
-0.418831,0.961866
-0.424839,0.968639
-0.430724,0.975596
-0.436452,0.982701
-0.442034,0.989971
-0.44741,0.997346
-0.452639,1.00491
-0.457631,1.01254
-0.462467,1.02039
-0.467082,1.02836
-0.471462,1.03645
-0.475623,1.04469
-0.479521,1.05302
-0.483175,1.06148
-0.486569,1.07003
-0.4897,1.07868
-0.492568,1.08741
-0.495143,1.09622
-0.497375,1.1051
-0.498992,1.1136
-0.502774,1.12264
-0.502248,1.13176
-0.503073,1.13951
-0.503835,1.14788
-0.504318,1.15657
-0.504494,1.1653
-0.504367,1.174
-0.50395,1.18271
-0.50325,1.19139
-0.502265,1.20005
-0.50102,1.2085
-0.499656,1.21688
-0.497204,1.22555
-0.495787,1.23387
-0.493917,1.24216
-0.491325,1.25023
-0.488529,1.25828
-0.485444,1.26621
-0.482199,1.27379
-0.478643,1.28118
-0.474574,1.28827
-0.470719,1.29528
-0.466604,1.30211
-0.46232,1.30871
-0.457834,1.31514
-0.453083,1.32149
-0.449931,1.32913
-0.443527,1.33303
-0.43837,1.339
-0.432795,1.34456
-0.42719,1.35005
-0.421412,1.35535
-0.415483,1.36049
-0.409414,1.36546
-0.403206,1.37025
-0.396867,1.37486
-0.390402,1.37929
-0.383701,1.38359
-0.376855,1.38773
-0.369897,1.39166
-0.36271,1.39547
-0.355256,1.39915
-0.347685,1.40264
-0.340028,1.4059
-0.332281,1.40895
-0.324292,1.41185
-0.316064,1.41459
-0.307753,1.4171
-0.299384,1.41937
-0.290789,1.42144
-0.282118,1.42329
-0.273414,1.42488
-0.26467,1.42624
-0.255888,1.42735
-0.247076,1.42821
-0.238241,1.42884
-0.229388,1.42921
-0.220525,1.42934
-0.211661,1.42923
-0.202803,1.42886
-0.19396,1.42824
-0.185138,1.42736
-0.176346,1.42622
-0.167587,1.42482
-0.158874,1.42316
-0.150216,1.42123
-0.141622,1.41904
-0.133103,1.41658
-0.124666,1.41384
-0.116323,1.41084
-0.108648,1.40618
-0.100126,1.40303
-0.0906939,1.40249
-0.0843618,1.39546
-0.0762559,1.39188
-0.0687357,1.38713
-0.0612822,1.3823
-0.0540154,1.37722
-0.0469295,1.3719
-0.0400188,1.36636
-0.0332832,1.36061
-0.0267314,1.35467
-0.0203693,1.34854
-0.0141817,1.34225
-0.00816113,1.33578
-0.00231506,1.32917
0.00335967,1.32243
0.00886361,1.31556
0.0142197,1.30859
0.0213353,1.30303
0.0245793,1.29413
0.0296573,1.28703
0.0342534,1.27948
0.0389066,1.27201
0.0413725,1.26334
0.0451165,1.25683
0.0514772,1.25009
0.0554064,1.24206
0.0593568,1.23412
0.0631991,1.22619
0.0668995,1.21816
0.0704466,1.21008
0.0738653,1.20194
0.0771222,1.19373
0.0802424,1.18546
0.0831995,1.17715
0.0860062,1.16876
0.0886691,1.16032
0.0911592,1.15186
0.0934955,1.14332
0.0956701,1.13471
0.0976571,1.12606
0.0994483,1.11739
0.101032,1.10868
0.102418,1.09996
0.103613,1.09121
0.104626,1.08244
0.105473,1.07365
0.106159,1.06485
0.106709,1.05604
0.107107,1.04722
0.107382,1.03839
0.107523,1.02956
0.107538,1.02072
0.107432,1.01187
0.107204,1.00304
0.106864,0.994211
0.106423,0.985379
0.105881,0.976552
0.10523,0.967737
0.104493,0.958917
0.103657,0.950101
0.102725,0.94129
0.101696,0.932488
0.100568,0.923697
0.0993408,0.914919
0.0980181,0.906163
0.0965911,0.897427
0.0950748,0.888696
0.0934572,0.879981
0.091749,0.871298
0.089934,0.862636
0.0880299,0.853976
0.0860223,0.845337
0.083928,0.836746
0.0817182,0.828179
0.0794233,0.819611
0.0770411,0.811106
0.0745461,0.802623
0.0719686,0.794136
0.0692843,0.785682
0.0665259,0.777299
0.0636467,0.768944
0.060684,0.760583
0.0576444,0.752306
0.0545101,0.744074
0.0513014,0.735841
0.048023,0.727623
0.0446829,0.719421
0.041279,0.711238
0.0378015,0.703069
0.0342504,0.694925
0.0306152,0.686823
0.0269069,0.678782
0.0231145,0.670796
0.0192437,0.662854
0.0152999,0.654954
0.0112759,0.647074
0.00720907,0.639228
0.00308417,0.63144
-0.00109693,0.623653
-0.00529798,0.615883
-0.00955699,0.608139
-0.0138113,0.600402
-0.0181188,0.592686
-0.0224369,0.58494
-0.0267533,0.577249
-0.0310811,0.569586
-0.035408,0.561897
-0.0397294,0.554189
-0.0440355,0.546461
-0.0483349,0.538711
-0.0526263,0.530944
-0.0569185,0.523179
-0.0611984,0.515437
-0.0654785,0.507716
-0.0697694,0.499979
-0.0740367,0.492249
-0.0783177,0.484517
-0.0825553,0.476785
-0.0868031,0.469047
-0.0909887,0.461299
-0.0951735,0.453537
-0.0992771,0.445751
-0.103367,0.43794
-0.107353,0.430091
-0.111283,0.422241
-0.115113,0.414313
-0.11884,0.406323
-0.122446,0.398267
-0.125927,0.390149
-0.129291,0.381964
-0.132533,0.373718
-0.135665,0.365433
-0.138692,0.357111
-0.141606,0.348779
-0.144434,0.340408
-0.147136,0.332014
-0.149758,0.323581
-0.152263,0.315087
-0.154652,0.306615
-0.156955,0.298101
-0.159137,0.289521
-0.161198,0.28098
-0.163166,0.272389
-0.16501,0.26373
-0.166748,0.255051
-0.168374,0.246355
-0.169872,0.237721
-0.171263,0.229062
-0.172512,0.220348
-0.173611,0.211601
-0.174552,0.202825
-0.175335,0.19402
-0.175969,0.185198
-0.176466,0.176364
-0.176833,0.167526
-0.177093,0.158692
-0.177232,0.149852
-0.177287,0.141018
-0.177233,0.132178
-0.177114,0.123347
-0.176898,0.114508
-0.176635,0.105681
-0.176285,0.0968468
-0.175895,0.0880232
-0.175439,0.0792069
-0.174925,0.0703953
-0.17435,0.0615896
-0.173712,0.0527893
-0.173012,0.0439945
-0.172248,0.035205
-0.171419,0.026421
-0.170524,0.0176431
-0.16956,0.0088726
-0.168528,0.000110864
-0.167425,-0.00864049
-0.166251,-0.0173801
-0.165002,-0.0261069
-0.163687,-0.0348271
-0.162286,-0.0435393
-0.160838,-0.0522306
-0.159314,-0.0609068
-0.15772,-0.0695724
-0.156057,-0.0782417
-0.154305,-0.0868968
-0.152511,-0.0955256
-0.150639,-0.104134
-0.148701,-0.112755
-0.146673,-0.121351
-0.14461,-0.129915
-0.14247,-0.138456
-0.140262,-0.147019
-0.137963,-0.155549
-0.135635,-0.164042
-0.133229,-0.172509
-0.130752,-0.181008
-0.128188,-0.189498
-0.125594,-0.197957
-0.122966,-0.206391
-0.120309,-0.214808
-0.11762,-0.223207
-0.114893,-0.23158
-0.112123,-0.239932
-0.109291,-0.248265
-0.106395,-0.256575
-0.103422,-0.264883
-0.10037,-0.273151
-0.0972495,-0.281413
-0.0940438,-0.289625
-0.0907725,-0.29784
-0.0874141,-0.305997
-0.0839954,-0.314163
-0.0804905,-0.322266
-0.0769466,-0.330322
-0.0733011,-0.338408
-0.0695781,-0.346427
-0.0658226,-0.354389
-0.0619605,-0.362391
-0.0580258,-0.370316
-0.0540683,-0.378177
-0.0500317,-0.385992
-0.045917,-0.393768
-0.041716,-0.401498
-0.0374211,-0.409177
-0.0330293,-0.416799
-0.0285333,-0.42436
-0.0239264,-0.431852
-0.0192054,-0.439272
-0.0143633,-0.446614
-0.00939762,-0.453872
-0.00430644,-0.461042
0.000963862,-0.468219
0.00636601,-0.475298
0.0118128,-0.482275
0.0173255,-0.489175
0.0229008,-0.496011
0.0285422,-0.50278
0.0342579,-0.50948
0.0400512,-0.516101
0.0459381,-0.522641
0.0519219,-0.5291
0.0580056,-0.53547
0.06419,-0.541748
0.0704756,-0.54793
0.0768617,-0.554011
0.0833473,-0.55999
0.0899308,-0.565863
0.0966101,-0.57163
0.103383,-0.577288
0.110247,-0.582838
0.117199,-0.588279
0.124236,-0.593611
0.129417,-0.601345
0.138777,-0.60346
0.145717,-0.609077
0.153123,-0.613923
0.160553,-0.618741
0.168055,-0.623468
0.175607,-0.6281
0.183212,-0.632659
0.190861,-0.63715
0.198536,-0.64158
0.206243,-0.645951
0.213978,-0.650271
0.221736,-0.654543
0.229519,-0.658775
0.23732,-0.662967
0.245137,-0.667129
0.252968,-0.67126
0.260807,-0.675373
0.268653,-0.679471
0.276493,-0.683554
0.284341,-0.687639
0.29219,-0.691729
0.300035,-0.69583
0.307874,-0.699945
0.315701,-0.704084
0.323517,-0.708248
0.331317,-0.712447
0.339099,-0.716683
0.346839,-0.72095
0.354556,-0.725266
0.362259,-0.729636
0.369938,-0.734061
0.377586,-0.738545
0.385195,-0.743093
0.392761,-0.747706
0.400282,-0.75239
0.407756,-0.757145
0.415182,-0.761974
0.422556,-0.766876
0.429877,-0.771854
0.437145,-0.776907
0.444357,-0.782035
0.451513,-0.787238
0.458614,-0.792515
0.465657,-0.797866
0.472639,-0.803287
0.479566,-0.808776
0.486435,-0.81433
0.493249,-0.819939
0.500019,-0.825602
0.506754,-0.831312
0.513447,-0.837063
0.520113,-0.84285
0.526755,-0.848666
0.533365,-0.854508
0.539963,-0.860368
0.546551,-0.866246
0.553118,-0.872133
0.559697,-0.878024
0.566263,-0.883915
0.572848,-0.889795
0.579439,-0.89567
0.586041,-0.901533
0.592655,-0.907384
0.599284,-0.913221
0.605929,-0.919043
0.61259,-0.924846
0.619268,-0.930631
0.625963,-0.936397
0.632676,-0.942142
0.639408,-0.947866
0.646157,-0.95357
0.652924,-0.959252
0.65971,-0.964912
0.666513,-0.970552
0.673335,-0.97617
0.680174,-0.981767
0.687031,-0.987343
0.693905,-0.992897
0.700795,-0.998431
0.707702,-1.00394
0.714625,-1.00944
0.721564,-1.01491
0.728518,-1.02036
0.734839,-1.02529
0.740263,-1.02948
0.74479,-1.03295
0.748415,-1.0357
0.751131,-1.03774
0.752929,-1.03907
0.753908,-1.03979
0.754409,-1.04015
0.754635,-1.04031
0.754684,-1.04035
0.7547,-1.04036
0.754717,-1.04038
0.754727,-1.04038
0.754731,-1.04039
0.754736,-1.04039
0.754739,-1.04039
0.754742,-1.04039
0.754746,-1.04039
0.754749,-1.0404
0.754752,-1.0404
0.754754,-1.0404
0.754757,-1.0404
0.75476,-1.0404
0.754764,-1.0404
0.754767,-1.0404
0.75477,-1.0404
0.754773,-1.0404
0.754776,-1.0404
0.754778,-1.04041
0.754781,-1.04041
0.754783,-1.04041
0.754784,-1.04041
0.754786,-1.04041
0.754787,-1.04041
0.754787,-1.04041
0.754788,-1.04041
0.754788,-1.04041
0.754788,-1.04041
0.754787,-1.04041
0.754787,-1.04041
0.754787,-1.04041
0.754786,-1.04041
0.754786,-1.04041
0.754785,-1.04041
0.754785,-1.04041
0.754785,-1.04041
0.754785,-1.04041
0.754785,-1.04041
0.754785,-1.04041
0.754785,-1.04041
0.754785,-1.04041
0.754786,-1.04041
0.754786,-1.04041
0.754786,-1.04041
0.754785,-1.04041
0.754785,-1.04041
0.754785,-1.04041
0.754784,-1.04041
0.754784,-1.04041
0.754783,-1.04041
0.754783,-1.0404
0.754782,-1.0404
0.754781,-1.0404
0.75478,-1.0404
0.754779,-1.0404
0.754778,-1.0404
0.754778,-1.0404
0.754777,-1.0404
0.754776,-1.0404
0.754775,-1.0404
0.754774,-1.0404
0.754774,-1.0404
0.754773,-1.0404
0.754772,-1.0404
0.754772,-1.04039
0.754771,-1.04039
0.75477,-1.04039
0.75477,-1.04039
0.754769,-1.04039
0.754768,-1.04039
0.754767,-1.04039
0.754766,-1.04039
0.754765,-1.04039
0.754765,-1.04039
0.754763,-1.04039
0.754759,-1.04038
0.754755,-1.04038
0.754748,-1.04038
0.754751,-1.04038
0.754745,-1.04037
0.754733,-1.04036
0.754715,-1.04035
0.754698,-1.04034
0.754688,-1.04032
0.754667,-1.04032
0.75466,-1.04031
0.754651,-1.0403
0.75463,-1.04029
0.754624,-1.04028
0.754601,-1.04028
0.754599,-1.04026
0.754577,-1.04026
0.754572,-1.04026
0.754668,-1.04033
0.754805,-1.04042
0.754944,-1.04051
0.755088,-1.04059
0.755312,-1.04074
0.755698,-1.04097
0.756137,-1.04122
0.75658,-1.04147
0.757141,-1.04177
0.757866,-1.04215
0.758633,-1.04254
0.759401,-1.04291
0.760286,-1.04333
0.761215,-1.04376
0.762153,-1.04418
0.763204,-1.04463
0.764298,-1.0451
0.765512,-1.04559
0.76677,-1.0461
0.76815,-1.04663
0.769573,-1.04718
0.771122,-1.04774
0.772714,-1.04831
0.774327,-1.04886
0.77605,-1.04943
0.77782,-1.05
0.779612,-1.05055
0.781637,-1.05115
0.783747,-1.05176
0.785883,-1.05235
0.788127,-1.05293
0.790419,-1.05352
0.792866,-1.0541
0.795356,-1.05467
0.797821,-1.0552
0.800413,-1.05573
0.803198,-1.05626
0.806037,-1.05676
0.808885,-1.05723
0.811872,-1.05767
0.814907,-1.05808
0.818076,-1.05846
0.821287,-1.05881
0.8245,-1.05912
0.827847,-1.05941
0.831232,-1.05966
0.834752,-1.05988
0.83831,-1.06006
0.841869,-1.0602
0.845561,-1.06031
0.84929,-1.06037
0.853151,-1.0604
0.85718,-1.06038
0.861377,-1.06031
0.86561,-1.06019
0.869841,-1.06003
0.8742,-1.05981
0.878592,-1.05953
0.883111,-1.05919
0.887664,-1.05879
0.892342,-1.05833
0.89705,-1.0578
0.901882,-1.05719
0.906743,-1.05652
0.911596,-1.05578
0.915133,-1.0552
0.919207,-1.05447
0.924055,-1.05353
0.929021,-1.0525
0.933977,-1.0514
0.938914,-1.05023
0.943835,-1.04899
0.948737,-1.04768
0.953656,-1.04628
0.958532,-1.04482
0.963375,-1.0433
0.968236,-1.04169
0.973049,-1.04001
0.977821,-1.03828
0.982615,-1.03646
0.987351,-1.03458
0.99204,-1.03264
0.996698,-1.03064
1.00132,-1.02856
1.00591,-1.02641
1.01046,-1.02419
1.01498,-1.02189
1.01945,-1.01951
1.02388,-1.01705
1.02826,-1.01451
1.03259,-1.0119
1.03687,-1.00919
1.0411,-1.0064
1.04527,-1.00353
1.04938,-1.00057
1.05344,-0.99752
1.05742,-0.994385
1.06135,-0.991164
1.0652,-0.987858
1.06842,-0.984991
1.07076,-0.982811
1.0724,-0.981228
1.07357,-0.98007
1.07437,-0.97926
1.07483,-0.978784
1.07496,-0.97865
1.07498,-0.978613
1.075,-0.978604
1.07502,-0.978573
1.07504,-0.978553
1.07505,-0.978543
1.07505,-0.978541
1.07505,-0.978545
1.07504,-0.978553
1.07504,-0.978559
1.07503,-0.97856
1.07503,-0.978569
1.07503,-0.978562
1.07503,-0.978559
1.07504,-0.978554
1.07504,-0.97855
1.07505,-0.978546
1.07505,-0.978543
1.07506,-0.97854
1.07506,-0.978537
1.07506,-0.978534
1.07507,-0.978532
1.07507,-0.97853
1.07507,-0.978528
1.07508,-0.978526
1.07508,-0.978524
1.07508,-0.978523
1.07509,-0.978522
1.07509,-0.978521
1.07509,-0.97852
1.07509,-0.978519
1.07509,-0.978518
1.0751,-0.978517
1.07508,-0.978523
1.07507,-0.97854
1.07506,-0.978545
1.07505,-0.978563
1.07503,-0.978566
1.07503,-0.978583
1.07501,-0.978582
1.075,-0.9786
1.07499,-0.978598
1.07498,-0.978615
1.07498,-0.97861
1.07497,-0.978613
1.07496,-0.978629
1.07496,-0.978623
1.07496,-0.97862
1.07496,-0.978615
1.07496,-0.97861
1.07497,-0.978604
1.07497,-0.978599
1.07504,-0.978513
1.07515,-0.978403
1.07526,-0.978263
1.07544,-0.978049
1.07564,-0.977811
1.07585,-0.97756
1.07613,-0.977205
1.07645,-0.976798
1.07684,-0.97629
1.07726,-0.975734
1.07775,-0.97507
1.07827,-0.974365
1.07877,-0.973657
1.07926,-0.972962
1.07982,-0.97217
1.0804,-0.971324
1.08097,-0.970484
1.08154,-0.969637
1.08216,-0.968693
1.08281,-0.967702
1.08344,-0.966717
1.08415,-0.965618
1.08478,-0.964583
1.08548,-0.963475
1.08616,-0.962319
1.08698,-0.960971
1.08783,-0.959501
1.08868,-0.958028
1.08957,-0.956437
1.09048,-0.954782
1.09137,-0.953106
1.09226,-0.951427
1.09317,-0.949657
1.09411,-0.947839
1.09501,-0.946026
1.09592,-0.944204
1.09679,-0.942386
1.09768,-0.940558
1.09855,-0.938692
1.09939,-0.936872
1.10024,-0.935036
1.10108,-0.933155
1.10188,-0.931331
1.1027,-0.929487
1.1035,-0.92759
1.10426,-0.92576
1.10502,-0.92393
1.10577,-0.922056
1.1065,-0.920164
1.10722,-0.918255
1.10792,-0.916331
1.1086,-0.914397
1.10927,-0.912445
1.10991,-0.910482
1.11055,-0.908518
1.11117,-0.906552
1.11177,-0.904606
1.11237,-0.902651
1.11294,-0.900709
1.11352,-0.898756
1.11406,-0.896815
1.11462,-0.894862
1.11513,-0.89292
1.11567,-0.890964
1.11617,-0.888971
1.11665,-0.887033
1.11714,-0.885074
1.11761,-0.883073
1.11807,-0.881071
1.11848,-0.879134
1.11892,-0.877172
1.11933,-0.875161
1.11973,-0.87315
1.12011,-0.871138
1.12046,-0.8692
1.12081,-0.867258
1.12114,-0.865274
1.12145,-0.863274
1.12174,-0.86126
1.122,-0.859235
1.12224,-0.857203
1.12246,-0.855164
1.12266,-0.853127
1.12284,-0.85109
1.123,-0.849054
1.12315,-0.847019
1.12328,-0.844985
1.12339,-0.842952
1.12349,-0.840919
1.12357,-0.838886
1.12363,-0.836855
1.12368,-0.834824
1.12372,-0.832795
1.12374,-0.830766
1.12374,-0.828739
1.12372,-0.826713
1.12369,-0.824689
1.12364,-0.822666
1.12357,-0.820645
1.12349,-0.818626
1.12339,-0.816608
1.12327,-0.814593
1.12313,-0.81258
1.12297,-0.810568
1.12279,-0.80856
1.1226,-0.806553
1.12238,-0.80455
1.12214,-0.802549
1.12188,-0.800551
1.1216,-0.798557
1.12129,-0.796567
1.12097,-0.79458
1.12062,-0.792593
1.12024,-0.790611
1.11985,-0.788625
1.11942,-0.786651
1.11898,-0.784669
1.11851,-0.782704
1.11803,-0.780757
1.11752,-0.778784
1.11697,-0.776834
1.11643,-0.774907
1.11585,-0.772944
1.11523,-0.771011
1.11462,-0.769106
1.11397,-0.767152
1.11328,-0.765237
1.1126,-0.763355
1.11188,-0.761412
1.11113,-0.759516
1.11039,-0.757658
1.1096,-0.755727
1.10877,-0.753816
1.10795,-0.751945
1.10712,-0.750092
1.10628,-0.748251
1.10543,-0.746421
1.10457,-0.744611
1.10369,-0.742815
1.10279,-0.741005
1.10187,-0.739193
1.10092,-0.737405
1.09996,-0.735607
1.09897,-0.733811
1.09797,-0.732042
1.09697,-0.730263
1.09593,-0.728511
1.09491,-0.726739
1.09385,-0.724999
1.09281,-0.723235
1.09173,-0.721503
1.09067,-0.719745
1.08958,-0.718019
1.08853,-0.716301
1.08746,-0.714596
1.08638,-0.712847
1.08527,-0.711091
1.08417,-0.709345
1.08309,-0.707613
1.08202,-0.705886
1.08096,-0.704162
1.0799,-0.702441
1.07885,-0.700728
1.07781,-0.699017
1.07676,-0.697307
1.0757,-0.695597
1.07463,-0.693872
1.07356,-0.69216
1.07248,-0.690431
1.07139,-0.688722
1.07029,-0.686992
1.06918,-0.685288
1.06808,-0.683559
1.06695,-0.681859
1.06584,-0.680132
1.0647,-0.678437
1.0636,-0.676754
1.06246,-0.675031
1.06131,-0.673337
1.06019,-0.671661
1.05906,-0.669994
1.0579,-0.66827
1.05673,-0.666584
1.05559,-0.664917
1.05445,-0.66326
1.05327,-0.661538
1.05207,-0.659828
1.0509,-0.658139
1.04974,-0.656461
1.04859,-0.654786
1.04744,-0.653114
1.0463,-0.651443
1.04517,-0.64978
1.04403,-0.648119
1.0429,-0.646459
1.04176,-0.644799
1.04062,-0.643141
1.03946,-0.64147
1.0383,-0.639812
1.03713,-0.638139
1.03595,-0.636485
1.03477,-0.634813
1.03357,-0.633165
1.03238,-0.631495
1.03117,-0.629851
1.02999,-0.628216
1.02878,-0.626551
1.02756,-0.624911
1.02636,-0.623283
1.02515,-0.621664
1.02392,-0.620001
1.02268,-0.618368
1.02147,-0.61675
1.02025,-0.615141
1.019,-0.613482
1.01773,-0.611832
1.01649,-0.610199
1.01525,-0.608574
1.01403,-0.606951
1.0128,-0.605331
1.01159,-0.603718
1.01038,-0.602106
1.00917,-0.600495
1.00796,-0.598884
1.00674,-0.597274
1.00552,-0.595666
1.00429,-0.594047
1.00305,-0.59244
1.00181,-0.590821
1.00056,-0.589218
0.999322,-0.587622
0.998063,-0.586009
0.996796,-0.584412
0.995545,-0.582825
0.99427,-0.581213
0.992988,-0.579623
0.991727,-0.578044
0.990438,-0.576431
0.989142,-0.574843
0.987852,-0.573224
0.98655,-0.571637
0.985285,-0.570057
0.983988,-0.568435
0.982681,-0.566814
0.981401,-0.565206
0.980133,-0.563602
0.978879,-0.561996
0.977637,-0.560389
0.976409,-0.558787
0.975192,-0.557183
0.973979,-0.555576
0.972768,-0.553966
0.971549,-0.552334
0.97033,-0.55071
0.969112,-0.549064
0.967884,-0.547412
0.96667,-0.545775
0.965465,-0.544116
0.964254,-0.54247
0.963062,-0.540794
0.96186,-0.539135
0.960687,-0.537442
0.959504,-0.53577
0.958366,-0.534096
0.957219,-0.532381
0.956064,-0.530651
0.954942,-0.528926
0.953846,-0.527204
0.952773,-0.525477
0.951721,-0.523748
0.950689,-0.522015
0.949676,-0.520282
0.948672,-0.518543
0.947677,-0.516797
0.946688,-0.515046
0.945704,-0.513293
0.944726,-0.511539
0.943752,-0.509783
0.942777,-0.508026
0.941794,-0.506247
0.940808,-0.504479
0.939821,-0.502689
0.938827,-0.500918
0.937837,-0.49912
0.936836,-0.497347
0.935844,-0.495543
0.934838,-0.493768
0.933861,-0.492006
0.932879,-0.490251
0.931876,-0.488442
0.930859,-0.486639
0.92986,-0.484854
0.928867,-0.483077
0.927881,-0.481304
0.9269,-0.479533
0.925924,-0.477772
0.924952,-0.476016
0.923976,-0.47426
0.922995,-0.472506
0.922,-0.470733
0.920998,-0.468974
0.91999,-0.467197
0.918971,-0.465442
0.91795,-0.463664
0.916916,-0.461912
0.915885,-0.460135
0.91484,-0.458387
0.913815,-0.456654
0.912762,-0.454879
0.911701,-0.453133
0.910665,-0.45141
0.909593,-0.449631
0.908517,-0.447888
0.90747,-0.44617
0.906414,-0.444458
0.905321,-0.442677
0.904221,-0.440911
0.903135,-0.439165
0.90206,-0.43743
0.900992,-0.435698
0.899932,-0.43397
0.898876,-0.432244
0.897827,-0.430527
0.89678,-0.428813
0.89573,-0.4271
0.894675,-0.425387
0.893605,-0.423658
0.892533,-0.421942
0.891447,-0.420209
0.89036,-0.418495
0.889258,-0.416761
0.888157,-0.415049
0.887043,-0.413315
0.885929,-0.411607
0.884828,-0.409917
0.883695,-0.408185
0.882565,-0.406481
0.881451,-0.404799
0.880302,-0.403067
0.879158,-0.401368
0.878033,-0.399693
0.876904,-0.398022
0.875664,-0.396186
0.874395,-0.394325
0.873069,-0.392379
0.871727,-0.390406
0.870394,-0.388436
0.868998,-0.386365
0.867582,-0.384258
0.866098,-0.382047
0.864598,-0.379811
0.863024,-0.37747
0.861424,-0.375098
0.859815,-0.372726
0.85819,-0.370341
0.85641,-0.367749
0.854583,-0.365107
0.85274,-0.362453
0.850818,-0.35971
0.84893,-0.357021
0.84691,-0.354165
0.844848,-0.351266
0.842707,-0.348253
0.840537,-0.345219
0.838286,-0.342068
0.836007,-0.3389
0.833664,-0.33564
0.831291,-0.332352
0.828891,-0.329033
0.826404,-0.325612
0.823905,-0.322183
0.821342,-0.318663
0.818751,-0.315113
0.81614,-0.311539
0.813364,-0.307758
0.810544,-0.303914
0.807658,-0.299973
0.80475,-0.295992
0.801855,-0.292022
0.798894,-0.287956
0.79583,-0.283756
0.792735,-0.279525
0.78963,-0.275296
0.786576,-0.271154
0.783384,-0.266846
0.78007,-0.262392
0.776729,-0.257916
0.773367,-0.253429
0.76992,-0.248854
0.766434,-0.244237
0.762866,-0.239537
0.759279,-0.234821
0.755662,-0.230079
0.751879,-0.225138
0.74806,-0.220158
0.744247,-0.215188
0.740351,-0.210121
0.73642,-0.205028
0.73246,-0.199913
0.728407,-0.194696
0.724253,-0.189352
0.720002,-0.183875
0.715732,-0.178364
0.711478,-0.172863
0.707154,-0.167266
0.702802,-0.161639
0.698365,-0.155913
0.693892,-0.150162
0.68947,-0.144497
0.684905,-0.138672
0.680211,-0.132703
0.675489,-0.126714
0.670752,-0.120731
0.665992,-0.114742
0.661055,-0.108555
0.656067,-0.102325
0.651079,-0.0961056
0.645991,-0.0897772
0.640791,-0.0833332
0.635567,-0.0768723
0.630331,-0.0704202
0.625066,-0.0639534
0.619713,-0.057408
0.61432,-0.0508169
0.608836,-0.0441283
0.603256,-0.0373132
0.597659,-0.0304626
0.592077,-0.0236102
0.58651,-0.0167633
0.580952,-0.00991872
0.575393,-0.00307447
0.569826,0.00376479
0.56425,0.0105979
0.558661,0.0174206
0.553055,0.024232
0.547431,0.0310304
0.541778,0.0378286
0.536108,0.0446068
0.53043,0.0513649
0.52472,0.0581264
0.518999,0.0648662
0.513273,0.0715848
0.507532,0.0782883
0.501759,0.0849997
0.495976,0.0916871
0.490195,0.0983529
0.484401,0.105005
0.47859,0.111644
0.472742,0.1183
0.466887,0.12493
0.461039,0.13154
0.455179,0.138138
0.449306,0.144726
0.443416,0.151301
0.43751,0.157863
0.431562,0.164445
0.42561,0.171
0.41967,0.177532
0.413722,0.184056
0.407762,0.19057
0.401788,0.197072
0.3958,0.203563
0.389797,0.21004
0.383777,0.216503
0.377714,0.22299
0.371644,0.229466
0.365592,0.235932
0.359561,0.242401
0.353555,0.248875
0.347569,0.255356
0.341593,0.261848
0.335624,0.268348
0.329654,0.274869
0.323692,0.281395
0.317739,0.287946
0.311803,0.294506
0.305887,0.301097
0.299997,0.3077
0.294149,0.314318
0.288327,0.320958
0.28253,0.32762
0.276755,0.334302
0.270988,0.341029
0.26525,0.347768
0.259558,0.354521
0.253893,0.361296
0.248256,0.368093
0.242642,0.374908
0.237033,0.381771
0.231456,0.388643
0.22593,0.395524
0.220432,0.402426
0.21496,0.409347
0.209491,0.416325
0.204056,0.423309
0.198675,0.430302
0.193324,0.437317
0.187999,0.444352
0.182674,0.451453
0.177378,0.458581
0.172143,0.465728
0.166973,0.472907
0.161869,0.480122
0.156829,0.487373
0.151846,0.494659
0.146918,0.501973
0.142034,0.509313
0.137187,0.516679
0.13237,0.524066
0.12758,0.531469
0.122803,0.538901
0.118051,0.546339
0.113311,0.553805
0.108592,0.561271
0.103884,0.56877
0.0992015,0.576266
0.0945328,0.583798
0.0898923,0.591326
0.0852722,0.598894
0.0806849,0.606456
0.0761434,0.614017
0.0716054,0.621641
0.0671018,0.629255
0.0626487,0.636866
0.0581968,0.644549
0.0537763,0.652248
0.0494144,0.659955
0.0451123,0.667684
0.0408718,0.675438
0.0366914,0.683219
0.0325697,0.691014
0.0284992,0.698828
0.0244669,0.706661
0.0204641,0.714509
0.0164798,0.722394
0.0125205,0.730281
0.00858916,0.738167
0.00467384,0.746063
0.000756804,0.754001
-0.00314715,0.761928
-0.00702719,0.769844
-0.0109035,0.77776
-0.0147815,0.785673
-0.0186691,0.79358
-0.0225717,0.801477
-0.0265125,0.809414
-0.0304743,0.817344
-0.0344288,0.825256
-0.0383753,0.833158
-0.0423156,0.841051
-0.0462574,0.848937
-0.0502078,0.856807
-0.0541793,0.864663
-0.0581824,0.872504
-0.0622244,0.880324
-0.06631,0.888121
-0.0704547,0.895914
-0.0746549,0.903685
-0.0788975,0.911412
-0.0831972,0.919133
-0.0875446,0.926813
-0.0919475,0.934491
-0.0963945,0.942123
-0.100892,0.949757
-0.105427,0.957343
-0.109986,0.964885
-0.114614,0.972451
-0.119275,0.979964
-0.123953,0.987432
-0.128703,0.99493
-0.133488,1.0024
-0.138282,1.00984
-0.143082,1.01726
-0.147889,1.02467
-0.152704,1.03207
-0.157527,1.03945
-0.162366,1.0468
-0.167234,1.05415
-0.172136,1.06147
-0.177077,1.06876
-0.18207,1.07605
-0.187104,1.0833
-0.192185,1.09054
-0.197303,1.09773
-0.202451,1.10489
-0.207662,1.11204
-0.212907,1.11915
-0.218176,1.12622
-0.223511,1.1333
-0.228876,1.14033
-0.234257,1.14732
-0.239678,1.15427
-0.245168,1.16125
-0.250684,1.16817
-0.256235,1.1751
-0.261799,1.18199
-0.267356,1.18885
-0.272965,1.19574
-0.278582,1.20261
-0.28418,1.20948
-0.289759,1.21634
-0.295316,1.22321
-0.300316,1.22942
-0.304594,1.23475
-0.308143,1.2392
-0.310965,1.24275
-0.313064,1.24539
-0.314442,1.24714
-0.315098,1.24797
-0.3152,1.2481
-0.3152,1.2481
-0.315192,1.24809
-0.315184,1.24807
-0.315172,1.24806
-0.315158,1.24805
-0.315145,1.24803
-0.315133,1.24802
-0.315109,1.24799
-0.3151,1.24798
-0.31508,1.24796
-0.315075,1.24795
-0.315064,1.24793
-0.315053,1.24792
-0.315038,1.24791
-0.315036,1.2479
-0.315027,1.24789
-0.315017,1.24788
-0.315006,1.24787
-0.315006,1.24786
-0.314996,1.24785
-0.314987,1.24784
-0.314978,1.24783
-0.314971,1.24783
-0.314973,1.24782
-0.314964,1.24781
-0.314955,1.2478
-0.314947,1.24779
-0.314938,1.24778
-0.314931,1.24778
-0.314928,1.24778
-0.314934,1.24778
-0.314927,1.24777
-0.314919,1.24776
-0.314911,1.24775
-0.314904,1.24775
-0.314897,1.24774
-0.314891,1.24773
-0.314891,1.24774
-0.314911,1.24776
-0.314925,1.24778
-0.314931,1.24778
-0.314931,1.24778
-0.314926,1.24777
-0.314918,1.24776
-0.314907,1.24775
-0.314897,1.24774
-0.314887,1.24772
-0.314878,1.24771
-0.31487,1.24771
-0.314862,1.2477
-0.314855,1.24769
-0.314849,1.24768
-0.314843,1.24768
-0.314837,1.24767
-0.314832,1.24767
-0.314831,1.24767
-0.314829,1.24767
-0.314831,1.24767
-0.314831,1.24767
-0.314825,1.24766
-0.314818,1.24766
-0.314818,1.24766
-0.314821,1.24766
-0.314814,1.24765
-0.314808,1.24765
-0.314802,1.24764
-0.314797,1.24764
-0.314792,1.24763
-0.314787,1.24763
-0.314782,1.24762
-0.314778,1.24762
-0.314784,1.24763
-0.31479,1.24763
-0.314786,1.24763
-0.314781,1.24762
-0.314777,1.24762
-0.314774,1.24762
-0.31477,1.24761
-0.314767,1.24761
-0.314764,1.24761
-0.314762,1.24761
-0.314759,1.24761
-0.314757,1.2476
-0.314755,1.2476
-0.314753,1.2476
-0.314752,1.2476
-0.31475,1.2476
-0.314749,1.2476
-0.314748,1.2476
-0.314748,1.2476
-0.314747,1.2476
-0.314746,1.2476
-0.314746,1.2476
-0.314746,1.2476
-0.314745,1.2476
-0.314744,1.2476
-0.314741,1.2476
-0.31474,1.2476
-0.314738,1.24759
-0.314736,1.24759
-0.314735,1.24759
-0.314733,1.24759
-0.314732,1.24759
-0.314731,1.24759
-0.31473,1.24759
-0.314729,1.24759
-0.314729,1.24759
-0.314728,1.24759
-0.314728,1.24759
-0.314728,1.24759
-0.314727,1.24759
-0.314727,1.24759
-0.314727,1.24759
-0.314728,1.24759
-0.314728,1.24759
-0.314728,1.24759
-0.314729,1.24759
-0.314729,1.24759
-0.31473,1.24759
-0.314731,1.24759
-0.314732,1.2476
-0.314733,1.2476
-0.314734,1.2476
-0.314735,1.2476
-0.314735,1.2476
-0.314736,1.2476
-0.314735,1.2476
